equation_id,subsystem,method,equation_name,assumptions,state_variables,algebraic_variables,inputs,units,per_unit_base,sign_convention,current_direction,source_author,title,year,section,printed_page,PDF_page,equation_number,DOI_URL,source_notation,project_notation,transformation_derivation,target_production_file,analytic_test_oracle,known_limitation,readiness,classification
PF_NR_baseline,PF,newton_raphson,Newton-Raphson full AC mismatch,canonical existing,in-house existing,n/a,n/a,n/a,n/a,n/a,n/a,n/a,n/a,n/a,n/a,n/a,n/a,n/a,n/a,n/a,n/a,n/a,pfsolver/powerflow_newton_raphson.m,test_nr_solver + test_pf_contract,n/a,READY,PROJECT_DERIVED
PF_NR_Jacobian,PF,newton_raphson,analytic Jacobian blocks dP/dtheta dP/dV dQ/dtheta dQ/dV,canonical existing,n/a,n/a,n/a,pu,S_base/V_base,project convention,n/a,n/a,n/a,n/a,n/a,n/a,n/a,n/a,n/a,n/a,n/a,pfsolver/powerflow_newton_raphson.m,test_pf_jacobian FD cross-check,n/a,READY,PROJECT_DERIVED
FDPF_Bprime_XB,PF,fdpf_xb,B' construction (XB: remove R in B'; B' made of branch reactances only),Stott-Alsac item (d) + van Amerongen XB def,n/a,n/a,n/a,n/a,pu,S_base,project convention,n/a,Stott & Alsac (1974) + van Amerongen (1989),Fast Decoupled Load Flow + A General-Purpose Version of the FDL,1974/1989,item (d) p.863 + XB def p.761,p.863/p.761,n/a,items (a)(d) + XB variant,10.1109/TPAS.1974.293985,[-B] elements / branch reactances,project Ybus (pf_prepare_case.m:156-188),map: B'=imag(1/(jX)) neglect R + neglect shunt/tap,internal/core/pf_build_b_matrices.m,B' vs analytic on small fixture,XB neglects R in B' - degrades on high R/X,VERIFIED_SOURCE_LOCATED,SOURCE_VERBATIM
FDPF_Bdoubleprime_XB,PF,fdpf_xb,B'' construction (XB: retain R in B''; omit phase-shifting effects only per item b),Stott-Alsac item (b),n/a,n/a,n/a,n/a,pu,S_base,project convention,n/a,Stott & Alsac,Fast Decoupled Load Flow,1974,item (b) p.863,p.863,n/a,item (b),10.1109/TPAS.1974.293985,[-B] elements full series admittance,project Ybus (pf_prepare_case.m:156-188),map: B''=imag(1/(R+jX)) retain R + charging + shunt + tap,internal/core/pf_build_b_matrices.m,B'' vs analytic on small fixture,n/a,VERIFIED_SOURCE_LOCATED,SOURCE_VERBATIM
FDPF_Bprime_BX,PF,fdpf_bx,B' construction (BX: retain R in B'; use X/(R^2+X^2)),van Amerongen BX def (retain R in B'),n/a,n/a,n/a,n/a,pu,S_base,project convention,n/a,van Amerongen (1989),A General-Purpose Version of the FDL,1989,BX def p.761,p.761,n/a,BX variant,10.1109/59.192932 (PWRD 1989),branch susceptance X/(R^2+X^2),project Ybus (pf_prepare_case.m:156-188),map: B'=imag(1/(R+jX)) retain R + neglect shunt/tap,internal/core/pf_build_b_matrices.m,B' vs analytic on small fixture,n/a,VERIFIED_SOURCE_LOCATED,SOURCE_VERBATIM
FDPF_Bdoubleprime_BX,PF,fdpf_bx,B'' construction (BX: remove R in B''; omit phase-shifting + R per item b + BX),Stott-Alsac item (b) + van Amerongen BX,n/a,n/a,n/a,n/a,pu,S_base,project convention,n/a,van Amerongen (1989) + Stott-Alsac,A General-Purpose Version of the FDL,1989,BX def p.761 + item (b),p.761,n/a,BX variant + item (b),10.1109/59.192932,branch reactance (neglect R),project Ybus (pf_prepare_case.m:156-188),map: B''=imag(1/(jX)) neglect R + charging + shunt + tap,internal/core/pf_build_b_matrices.m,B'' vs analytic on small fixture,BX neglects R in B'',VERIFIED_SOURCE_LOCATED,SOURCE_VERBATIM
FDPF_iteration,PF,fdpf,decoupled iteration: [dP/V]=[B'][dtheta] then [dQ/V]=[B''][dV],Stott-Alsac eqs (8)(9),n/a,n/a,n/a,n/a,pu,S_base,project convention,n/a,Stott & Alsac,Fast Decoupled Load Flow,1974,eqs (8)(9),p.863,n/a,eqs (8)(9),10.1109/TPAS.1974.293985,[dP/V]=[B'][dtheta]; [dQ/V]=[B''][dV],project convention,verbatim eqs (8)(9),+pfsolver/powerflow_fdpf.m,full AC mismatch at 3 points,may diverge on high R/X,VERIFIED_SOURCE_LOCATED,SOURCE_VERBATIM
FDPF_full_ac_mismatch,PF,fdpf,full nonlinear AC mismatch recompute (initially + after P/theta + after Q/V),project convention reuse,n/a,n/a,n/a,n/a,pu,S_base,project convention,n/a,n/a,n/a,n/a,n/a,n/a,n/a,n/a,n/a,n/a,n/a,project pf_calculate_mismatch,pf_calculate_mismatch reused,do NOT reuse stale Q after theta change,READY,PROJECT_DERIVED
BFS_backward_sweep,BFS,bfs,backward branch-current accumulation JL = -IL2 + C(children) (KCL),Shirmohammadi eq (2) p.754,n/a,n/a,n/a,n/a,pu,S_base,project convention P_net+j*Q_net injection-positive,Shirmohammadi Hong Semlyen Luo,A compensation-based power flow method for weakly meshed distribution and transmission networks,1988,Solution Method p.754,p.754,n/a,eq (2),10.1109/59.192932,JL(k)=-IL2(k)+C(branches),project: branch_current = sum_downstream JL + I_at_L2,+pfsolver/powerflow_bfs.m,analytic 2/3-bus radial oracle,radial only Phase-1,VERIFIED_SOURCE_LOCATED,SOURCE_VERBATIM
BFS_forward_sweep,BFS,bfs,forward voltage update VL2 = VL1 - zL*JL (KVL),Shirmohammadi eq (3) p.754,n/a,n/a,n/a,n/a,pu,S_base,project convention,n/a,Shirmohammadi Hong Semlyen Luo,A compensation-based power flow method for weakly meshed distribution and transmission networks,1988,Solution Method p.754,p.754,n/a,eq (3),10.1109/59.192932,VL2 = VL1 - zL*JL,project: V_child = V_parent - Z_branch*I_branch,+pfsolver/powerflow_bfs.m,analytic 2/3-bus radial oracle,unity taps only Phase-1,VERIFIED_SOURCE_LOCATED,SOURCE_VERBATIM
BFS_sign_base_mapping,BFS,bfs,nodal injection current Ii = conj(Si/Vi) - Yi*Vi; Si = specified power injection,Shirmohammadi eq (1) p.754,n/a,n/a,n/a,n/a,pu,S_base,project P_net+j*Q_net = (P_gen-P_load)+j*(Q_gen-Q_load) injection-positive,Shirmohammadi Hong Semlyen Luo,A compensation-based power flow method for weakly meshed distribution and transmission networks,1988,Solution Method p.754,p.754,n/a,eq (1),10.1109/59.192932,Ii(k)=(Si/Vi(k-1))*-Yi*Vi(k-1),project: Ii=conj(S_net/Vi) (Phase-1 no shunt: drop -Yi*Vi),+pfsolver/powerflow_bfs.m,parity with NR on radial,Phase-1 drops shunt term (DEFERRED),VERIFIED_SOURCE_LOCATED,SOURCE_VERBATIM
TS_trap_baseline,TS,trapezoidal,x_{n+1}=x_n+h/2(f0+f1),canonical existing,in-house existing,n/a,n/a,n/a,n/a,n/a,n/a,n/a,n/a,n/a,n/a,n/a,n/a,n/a,n/a,n/a,n/a,+stability/ts_step_kernel.m,test_ts_adaptive_lte + test_ts_strategy_equivalence,n/a,READY,PROJECT_DERIVED
TS_BE_residual,TS,backward_euler,y_{n+1}=y_n+h*f(t_{n+1},y_{n+1}) (implicit); DAE: R_x=x_{n+1}-x_n-h f(x_{n+1},y_{n+1},u_{n+1})=0; R_g=g(x_{n+1},y_{n+1},Y_left)=0,standard implicit Euler,x_{n+1},y_{n+1},u_{n+1}=u(t+h),pu,n/a,project convention,n/a,NAODE book (Atkinson/Han style),Numerical Analysis of ODE,Section 4.1,4.1,p.52,eq 4.9,standard,project,L-stable fixed-step,+stability/ts_step_be.m,harmonic oscillator + stiff decay,L-stable but order-1,VERIFIED_SOURCE_LOCATED,NUMERICAL_METHOD
TS_BE_Lstable,TS,backward_euler,L-stability: yn->0 as Real(lambda)->-inf; absolutely stable for any h>0 (|1-h*lambda|>1),absolutely stable for any h>0,n/a,n/a,n/a,pu,n/a,project convention,n/a,NAODE book,Numerical Analysis of ODE,Section 8.4.1,8.4.1,p.145,eq 4.10 stability,standard,project,L-stable,+stability/ts_step_be.m,stability verification,L-stable,VERIFIED_SOURCE_LOCATED,NUMERICAL_METHOD
TS_BE_adaptive_error,TS,backward_euler,method-specific algebraic adaptive-error definition (FROZEN before enablement),step-doubling p=1 denom=1 exp=1/2; algebraic estimator declared,n/a,n/a,n/a,n/a,n/a,project convention,n/a,project-derived,n/a,n/a,n/a,n/a,n/a,n/a,n/a,n/a,n/a,n/a,n/a,+stability/ts_step_be.m adaptive path,blocked until frozen,NOT frozen yet - fixed-step only,DEFERRED_SOURCE_REQUIRED,PROJECT_DERIVED
TS_RK4_stages,TS,rk4,4-stage semi-explicit DAE RK4,classical RK4 DAE-consistent,X_i Y_i K_i,u(t) u(t+h/2) u(t+h),pu,n/a,project convention,n/a,Suli & Mayers (via Wikipedia),An Introduction to Numerical Analysis,2003,examples subsection,p.352,Butcher tableau c=[0 1/2 1/2 1] b=[1/6 1/3 1/3 1/6],standard,project,bounded stability region,+stability/ts_step_rk4.m,convergence order 4,bounded stability - diagnostic only,VERIFIED_SOURCE_LOCATED,NUMERICAL_METHOD
TS_RK4_adaptive_error,TS,rk4,method-specific algebraic adaptive-error definition (FROZEN before enablement),step-doubling p=4 denom=15 exp=1/5; algebraic estimator declared,n/a,n/a,n/a,n/a,n/a,project convention,n/a,project-derived,n/a,n/a,n/a,n/a,n/a,n/a,n/a,n/a,n/a,n/a,+stability/ts_step_rk4.m adaptive path,blocked until frozen,NOT frozen yet - fixed-step only,DEFERRED_SOURCE_REQUIRED,PROJECT_DERIVED
TS_ESDIRK_tableau,TS,esdirk32,Butcher tableau A b b_hat c,Kennedy-Carpenter or Skvortsov,n/a,n/a,n/a,n/a,pu,n/a,project convention,n/a,Kennedy & Carpenter / Skvortsov,ESDIRK family / Third- and Fourth-Order ESDIRK,2016/2022,derive section,derive page,derive PDF page,derive tableau,derive DOI,source notation pending,project convention pending,derivation pending,+stability/ts_step_esdirk32.m (NOT created until gate),embedded error + L-stability verify,not registered until source gate passes,EQUATION_LOCATION_PENDING,SOURCE_VERBATIM
P3.5_jacobian_blocks,TS,coupled-DAE,df/dx df/dy dg/dx dg/dy contract; central FD h*=eps^(1/3) per block,DERIVED per-block perturbation not copied from ts_jac_y_fd; central-FD truncation O(h^2)+roundoff O(eps/h) balanced at h*=eps^(1/3)~6.06e-6,x (differential),y (algebraic),n/a,pu,n/a,project convention,n/a,Suli & Mayers,An Introduction to Numerical Analysis,2003,finite-difference error analysis chapter,derive page,n/a,central FD optimality derivation,derive DOI,central FD h* = eps^(1/3),project: hrule=6e-6*(1+|var|) per block (ts_coupled_jacobian.m:38-46),+stability/ts_coupled_jacobian.m,FD vs analytic cross-check test_ts_coupled_jacobian 7/7 relFrobTol 1e-6,hrule revisited via convergence study if cross-check fails (not tuned),VERIFIED_SOURCE_LOCATED,PROJECT_DERIVED
