equation_id,report_section,equation_name,classification,physical_or_numerical_purpose,theory_runtime_label,dependent_variable,differential_states,algebraic_variables,inputs,parameters,units,per_unit_base,sign_convention,reference_frame,current_direction,assumptions,source_author,source_title,edition_year,chapter_section,printed_page,PDF_page_index,source_equation_number,DOI_ISBN_URL,source_notation,project_notation,transformation_derivation,production_function,production_file,test_or_oracle,readiness_status,limitation
"PF-01","4","Per-unit base definitions","SOURCE_VERBATIM","Define impedance and current bases from S_base and V_base so all per-unit quantities are dimensionless.","CASE_INPUT","Z_base, I_base","none","none","S_base, V_base","see source_notation/project_notation","pu","S_base (MVA), V_base (kV LL)","passive sign; injection positive","phase (a) reference","network into bus","balanced three-phase; per-unit on three-phase base","Bergen & Vittal","Power Systems Analysis","2nd ed.","2.2","29","--","Eq 2.7-2.8","--","Z_base=V_base^2/S_base; I_base=S_base/V_base","identical (project uses three-phase S_base, line-line V_base)","source: Z_base=V_base^2/S_base; I_base=S_base/V_base -> project: identical (project uses three-phase S_base, line-line V_base)","pf_prepare_case / base_values","+pfsolver/powerflow_newton_raphson.m (via pf_prepare_case)","test_matpower6_case14","VERIFIED","Line-to-line/three-phase factors implicit in S_base (three-phase) and V_base (LL)."
"PF-02","4","Series branch admittance","SOURCE_VERBATIM","Convert series R+jX branch to admittance for Ybus assembly.","RUNTIME_EQUATION","y_ik","none","none","r_ik, x_ik","see source_notation/project_notation","pu on S_base/V_base","pu","passive","phase reference","network into bus","single-phase equivalent of balanced three-phase; series branch only","Bergen & Vittal","Power Systems Analysis","2nd ed.","2.3","--","--","Eq 2.11","--","y_ik=1/(r_ik+jx_ik)","identical","source: y_ik=1/(r_ik+jx_ik) -> project: identical","build_ybus_from_mpc / network_model","+stability/classical_dae.m, +stability/padiyar_model11_dae.m, +stability/synchronous_emf6_ssa.m","test_matpower6_case14","VERIFIED","Off for zero-impedance lines (case validation rejects them)."
"PF-03","4","Transformer tap/phase-shift contribution","SOURCE_TRANSFORMED","Off-nominal tap and phase shift modify Ybus diagonal/off-diagonal entries.","RUNTIME_EQUATION","Y_ii, Y_ij","none","none","tap, shift, r, x","see source_notation/project_notation","pu","pu","passive","phase reference","network into bus","off-nominal tap; complex tap a=tap*exp(j*shift)","Bergen & Vittal","Power Systems Analysis","2nd ed.","2.3","--","--","Eq 2.13-2.15","--","Y_ii += y/(a*conj(a)); Y_ij -= y/conj(a); Y_ji -= y/a; Y_jj += y","project uses a=tap*exp(1i*deg2rad(shift)); Y(i,i)+=y/(a*conj(a))+1i*b/2; Y(i,j)-=y/conj(a)","source: Y_ii += y/(a*conj(a)); Y_ij -= y/conj(a); Y_ji -= y/a; Y_jj += y -> project: project uses a=tap*exp(1i*deg2rad(shift)); Y(i,i)+=y/(a*conj(a))+1i*b/2; Y(i,j)-=y/conj(a)","build_ybus_from_mpc","+stability/classical_dae.m","test_matpower6_case14","VERIFIED","Phase shift in degrees converted to rad; half-line charging b/2 added to both ends."
"PF-04","4","Shunt and line-charging contributions","SOURCE_VERBATIM","Bus shunt admittance and half-line charging added to Ybus diagonal.","RUNTIME_EQUATION","Y_ii","none","none","G_sh, B_sh, b_half","see source_notation/project_notation","pu","pu","passive","phase reference","network into bus","pi-model branch; shunt at bus","Bergen & Vittal","Power Systems Analysis","2nd ed.","2.3","--","--","Eq 2.12","--","Y_ii += G_sh + jB_sh; Y_ii += j*b/2 (each line end)","Y(i,i)+=ys+1i*bh; Y(b,b)+=BD(b,9)+1i*BD(b,10)","source: Y_ii += G_sh + jB_sh; Y_ii += j*b/2 (each line end) -> project: Y(i,i)+=ys+1i*bh; Y(b,b)+=BD(b,9)+1i*BD(b,10)","build_ybus_from_mpc / network_model","+stability/classical_dae.m, +stability/padiyar_model11_dae.m","test_matpower6_case14","VERIFIED","Shunt columns 9-10 of bus_data; half-line charging column 5 of line_data."
"PF-05","4","Ybus assembly","PROJECT_DERIVED","Assemble full bus admittance matrix from branches, taps, shunts, charging.","RUNTIME_EQUATION","Y_bus","none","none","all branch/shunt data","see source_notation/project_notation","pu","pu","passive; injection positive","phase reference","network into bus","linear, balanced, passive network","Bergen & Vittal","Power Systems Analysis","2nd ed.","2.3","--","--","Eq 2.16","--","Y_ii = sum of branch admittances + shunts; Y_ij = -branch admittance","diagonal accumulates y/(a*conj(a))+shunt+charging; off-diagonal -y/conj(a)","source: Y_ii = sum of branch admittances + shunts; Y_ij = -branch admittance -> project: diagonal accumulates y/(a*conj(a))+shunt+charging; off-diagonal -y/conj(a)","build_ybus_from_mpc","+stability/classical_dae.m","test_matpower6_case14","VERIFIED","Symmetric for non-phase-shifting branches; Hermitian structure preserved."
"PF-06","4","Network current equation","SOURCE_VERBATIM","Relate bus voltages to injected currents via Ybus.","RUNTIME_EQUATION","I","none","V","Y_bus","see source_notation/project_notation","pu","pu","injection positive into bus","phase reference","network into bus","linear network; sinusoidal steady state","Bergen & Vittal","Power Systems Analysis","2nd ed.","2.4","--","--","Eq 2.17","--","I = Y_bus * V","identical (classical_dae solves V=Y\I, i.e. I=Y*V)","source: I = Y_bus * V -> project: identical (classical_dae solves V=Y\I, i.e. I=Y*V)","solve_network_linear / network_residual","+stability/classical_dae.m, +stability/synchronous_emf6_ssa.m","test_matpower6_case14","VERIFIED","Classical: V=(Y+Ygen)\Iinj. EMF6/Padiyar: residual g=Iinj-Y*V=0."
"PF-07","4","Complex power convention","SOURCE_VERBATIM","Define complex power injection at a bus from voltage and current.","RUNTIME_EQUATION","S_i","none","V_i, I_i","none","see source_notation/project_notation","pu on S_base","pu","injection positive; S=P+jQ","phase reference","network into bus","sinusoidal steady state; conjugation gives P+jQ into bus","Bergen & Vittal","Power Systems Analysis","2nd ed.","2.4","--","--","Eq 2.18","--","S_i = V_i * conj(I_i)","identical (Pe(k)=real(V(b)*conj(Ig(k))) in classical_dae.m:145)","source: S_i = V_i * conj(I_i) -> project: identical (Pe(k)=real(V(b)*conj(Ig(k))) in classical_dae.m:145)","powerflow_newton_raphson / electrical_power","+stability/classical_dae.m","test_matpower6_case14","VERIFIED","Generator Pe uses same convention: Pe=real(V*conj(Ig))."
"PF-08","4","Expanded active-power injection","SOURCE_TRANSFORMED","Active power injection at bus i in terms of voltages and Ybus elements.","RUNTIME_EQUATION","P_i","none","V, theta","G, B","see source_notation/project_notation","pu","pu","injection positive","phase reference","network into bus","sinusoidal steady state; Y=G+jB","Bergen & Vittal","Power Systems Analysis","2nd ed.","2.4","--","--","Eq 2.19","--","P_i = sum_k |V_i||V_k|(G_ik cos(theta_ik)+B_ik sin(theta_ik))","identical (pf_calculate_mismatch evaluates P_calc from V,theta,G,B)","source: P_i = sum_k |V_i||V_k|(G_ik cos(theta_ik)+B_ik sin(theta_ik)) -> project: identical (pf_calculate_mismatch evaluates P_calc from V,theta,G,B)","pf_calculate_mismatch","+pfsolver/powerflow_newton_raphson.m:148","test_matpower6_case14","VERIFIED","theta_ik = theta_i - theta_k."
"PF-09","4","Expanded reactive-power injection","SOURCE_TRANSFORMED","Reactive power injection at bus i.","RUNTIME_EQUATION","Q_i","none","V, theta","G, B","see source_notation/project_notation","pu","pu","injection positive","phase reference","network into bus","sinusoidal steady state; Y=G+jB","Bergen & Vittal","Power Systems Analysis","2nd ed.","2.4","--","--","Eq 2.20","--","Q_i = sum_k |V_i||V_k|(G_ik sin(theta_ik)-B_ik cos(theta_ik))","identical (pf_calculate_mismatch evaluates Q_calc)","source: Q_i = sum_k |V_i||V_k|(G_ik sin(theta_ik)-B_ik cos(theta_ik)) -> project: identical (pf_calculate_mismatch evaluates Q_calc)","pf_calculate_mismatch","+pfsolver/powerflow_newton_raphson.m:148","test_matpower6_case14","VERIFIED","Sign of B term negative (capacitive)."
"PF-10","4","Scheduled net injection","PROJECT_DERIVED","Net scheduled injection = generation minus load at a bus.","RUNTIME_EQUATION","P_spec, Q_spec","none","P_gen, P_load, Q_gen, Q_load","none","see source_notation/project_notation","pu","pu","generation positive, load negative","phase reference","network into bus","mixed gen/load at one bus handled by net injection","Bergen & Vittal","Power Systems Analysis","2nd ed.","2.4","--","--","Eq 2.21","--","P_spec=P_gen-P_load; Q_spec=Q_gen-Q_load","identical (pf_prepare_case computes net injection)","source: P_spec=P_gen-P_load; Q_spec=Q_gen-Q_load -> project: identical (pf_prepare_case computes net injection)","pf_prepare_case","+pfsolver/powerflow_newton_raphson.m","test_matpower6_case14","VERIFIED","PV bus with local demand uses net injection; no special bus type needed."
"PF-11","4","Mismatch vector","PROJECT_DERIVED","Difference between scheduled and calculated injections drives Newton iteration.","RUNTIME_EQUATION","mismatch","none","P_spec, Q_spec, P_calc, Q_calc","none","see source_notation/project_notation","pu","pu","injection positive","phase reference","network into bus","Newton method requires residual","Bergen & Vittal","Power Systems Analysis","2nd ed.","2.5","--","--","Eq 2.22","--","mismatch = [P_spec-P_calc; Q_spec-Q_calc]","identical (pf_calculate_mismatch returns mismatch)","source: mismatch = [P_spec-P_calc; Q_spec-Q_calc] -> project: identical (pf_calculate_mismatch returns mismatch)","pf_calculate_mismatch","+pfsolver/powerflow_newton_raphson.m:148","test_matpower6_case14","VERIFIED","REF bus excluded; PV Q excluded (Q is output)."
"PF-12","4","Newton linearization","SOURCE_VERBATIM","Linearize mismatch around current state to get Newton correction.","RUNTIME_EQUATION","delta_x","none","mismatch, J","none","see source_notation/project_notation","pu","pu","injection positive","phase reference","network into bus","small-signal linearization; first-order Taylor","Bergen & Vittal","Power Systems Analysis","2nd ed.","2.5","--","--","Eq 2.23","--","J * [dtheta; d|V|] = [dP; dQ]","identical (delta_x = J \ mismatch)","source: J * [dtheta; d|V|] = [dP; dQ] -> project: identical (delta_x = J \ mismatch)","solve_model","+pfsolver/powerflow_newton_raphson.m:212","test_matpower6_case14","VERIFIED","Backslash, no explicit inverse."
"PF-13","4","Four Jacobian blocks","SOURCE_TRANSFORMED","Partial derivatives of P,Q w.r.t. theta, |V| forming H,N,M,L blocks.","RUNTIME_EQUATION","H,N,M,L","none","V, theta, G, B","none","see source_notation/project_notation","pu","pu","injection positive","phase reference","network into bus","analytic derivatives of PF-08/09","Bergen & Vittal","Power Systems Analysis","2nd ed.","2.5","--","--","Eq 2.24-2.27","--","H=dP/dtheta, N=dP/d|V|, M=dQ/dtheta, L=dQ/d|V|","identical (pf_build_jacobian assembles J from V,delta,P_calc,Q_calc)","source: H=dP/dtheta, N=dP/d|V|, M=dQ/dtheta, L=dQ/d|V| -> project: identical (pf_build_jacobian assembles J from V,delta,P_calc,Q_calc)","pf_build_jacobian","+pfsolver/powerflow_newton_raphson.m:180","test_matpower6_case14","VERIFIED","Diagonal and off-diagonal forms per Bergen Eq 2.24-2.27."
"PF-14","4","State update and stopping rule","PROJECT_DERIVED","Update voltage state and stop when mismatch below tolerance.","RUNTIME_EQUATION","x","none","delta_x, mismatch, tolerance","none","see source_notation/project_notation","pu","pu","injection positive","phase reference","network into bus","Newton iteration converges quadratically near solution","Bergen & Vittal","Power Systems Analysis","2nd ed.","2.5","--","--","Eq 2.28","--","x = x + delta_x; stop when max|mismatch| < tolerance","identical (x=x+delta_x; break if max_mismatch<tolerance)","source: x = x + delta_x; stop when max|mismatch| < tolerance -> project: identical (x=x+delta_x; break if max_mismatch<tolerance)","solve_model","+pfsolver/powerflow_newton_raphson.m:170,228","test_matpower6_case14","VERIFIED","Default tolerance 1e-6; max_iter 20."
"PF-15","4","PV reactive-power recovery and PV-to-PQ switching","PROJECT_DERIVED","Recover Q at PV buses; switch to PQ if Q violates limits.","RUNTIME_EQUATION","Q_gen","none","V, Y, Qmin, Qmax","none","see source_notation/project_notation","pu","pu","generation positive","phase reference","network into bus","PV bus Q is output; limits enforced iteratively","Bergen & Vittal","Power Systems Analysis","2nd ed.","2.5","--","--","Eq 2.29","--","Q_gen computed from solved V; if Q>Qmax set Q=Qmax and switch PV->PQ","identical (find_q_limit_violations + bus_data type switch)","source: Q_gen computed from solved V; if Q>Qmax set Q=Qmax and switch PV->PQ -> project: identical (find_q_limit_violations + bus_data type switch)","find_q_limit_violations","+pfsolver/powerflow_newton_raphson.m:290-308","test_matpower6_case14","VERIFIED","Iterative outer loop; max_q_limit_switches=20."
"PF-16","4","Slack-bus power recovery","PROJECT_DERIVED","Recover P,Q at slack bus from solved voltages.","RUNTIME_EQUATION","P_slack, Q_slack","none","V, Y","none","see source_notation/project_notation","pu","pu","generation positive","phase reference","network into bus","REF bus P,Q are outputs","Bergen & Vittal","Power Systems Analysis","2nd ed.","2.5","--","--","Eq 2.30","--","P_slack = sum_k |V_s||V_k|(G_sk cos+...); same for Q","identical (pf_build_results computes slack P,Q from V)","source: P_slack = sum_k |V_s||V_k|(G_sk cos+...); same for Q -> project: identical (pf_build_results computes slack P,Q from V)","pf_build_results","+pfsolver/powerflow_newton_raphson.m","test_matpower6_case14","VERIFIED","Slack bus angle=0, |V| specified."
"PF-17","4","Branch sending/receiving currents and powers","SOURCE_TRANSFORMED","Compute branch flows from bus voltages and branch admittance.","RUNTIME_EQUATION","S_ij","none","V_i, V_j, y_ij","none","see source_notation/project_notation","pu","pu","sending end positive","phase reference","network into bus","pi-model branch","Bergen & Vittal","Power Systems Analysis","2nd ed.","2.6","--","--","Eq 2.31","--","I_ij = y_ij*(V_i - V_j) + j*b/2*V_i; S_ij = V_i*conj(I_ij)","identical (pf_build_results computes branch flows)","source: I_ij = y_ij*(V_i - V_j) + j*b/2*V_i; S_ij = V_i*conj(I_ij) -> project: identical (pf_build_results computes branch flows)","pf_build_results","+pfsolver/powerflow_newton_raphson.m","test_matpower6_case14","VERIFIED","Includes half-line charging at each end."
"PF-18","4","Active/reactive losses","PROJECT_DERIVED","Total network losses = sum of branch losses.","RUNTIME_EQUATION","P_loss, Q_loss","none","S_ij","none","see source_notation/project_notation","pu","pu","loss positive","phase reference","network into bus","loss = sum over branches of (S_ij + S_ji)","Bergen & Vittal","Power Systems Analysis","2nd ed.","2.6","--","--","Eq 2.32","--","P_loss = sum Re(S_ij+S_ji); Q_loss = sum Im(S_ij+S_ji)","identical (pf_build_results computes P_loss_total)","source: P_loss = sum Re(S_ij+S_ji); Q_loss = sum Im(S_ij+S_ji) -> project: identical (pf_build_results computes P_loss_total)","pf_build_results","+pfsolver/powerflow_newton_raphson.m","test_matpower6_case14","VERIFIED","Reported as P_loss_total in pu (x100 for MW on S_base=100)."
"PF-19","4","Power-balance residual","PROJECT_DERIVED","Verify total generation = total load + total loss at convergence.","VALIDATION_ORACLE","balance","none","P_gen, P_load, P_loss","none","see source_notation/project_notation","pu","pu","injection positive","phase reference","network into bus","Kirchhoff current law at network level","Bergen & Vittal","Power Systems Analysis","2nd ed.","2.6","--","--","Eq 2.33","--","P_gen_total = P_load_total + P_loss_total","identical (pf_build_results reports all three)","source: P_gen_total = P_load_total + P_loss_total -> project: identical (pf_build_results reports all three)","pf_build_results","+pfsolver/powerflow_newton_raphson.m","test_matpower6_case14","VERIFIED","Used as convergence sanity check, not acceptance gate."
"SG-C-01","5.1","Rotor electrical angle definition","PROJECT_DERIVED","Define rotor angle of machine i relative to synchronous reference.","RUNTIME_EQUATION","delta_i","delta","none","none","see source_notation/project_notation","rad","machine base","machine into network","rotor dq frame","machine into network","classical machine; rotor angle = angle of internal EMF","Bergen & Vittal","Power Systems Analysis","2nd ed.","7.2","--","--","Eq 7.5","--","delta_i = angle(E_i)","identical (delta0(k)=angle(E0(k)) in classical_dae.m:61)","source: delta_i = angle(E_i) -> project: identical (delta0(k)=angle(E0(k)) in classical_dae.m:61)","classical_dae","+stability/classical_dae.m:61","test_ts_characterization_fixed","VERIFIED","Electrical radians; relative to slack bus angle."
"SG-C-02","5.1","Speed-base relationship","PROJECT_DERIVED","Relate per-unit speed to angular frequency via base.","CASE_INPUT","omega_b","omega","none","f","see source_notation/project_notation","rad/s","system base","machine into network","rotor dq frame","machine into network","synchronous speed = 2*pi*f","Bergen & Vittal","Power Systems Analysis","2nd ed.","7.2","--","--","Eq 7.6","--","omega_b = 2*pi*f","identical (ws=2*pi*freq in classical_dae.m:39)","source: omega_b = 2*pi*f -> project: identical (ws=2*pi*freq in classical_dae.m:39)","classical_dae","+stability/classical_dae.m:39","test_ts_characterization_fixed","VERIFIED","f from case base_values.frequency_Hz."
"SG-C-03","5.1","Mechanical torque/power balance","SOURCE_TRANSFORMED","Newton second law for rotation: accelerating power = inertia * acceleration.","RUNTIME_EQUATION","Pm, Pe","omega","none","H, D","see source_notation/project_notation","pu","machine base","machine into network","rotor dq frame","machine into network","classical machine; mechanical input minus electrical output","Bergen & Vittal","Power Systems Analysis","2nd ed.","7.2","--","--","Eq 7.7","--","2H*domega/dt = Pm - Pe - D*(omega-1)","identical (swing_rhs in classical_dae.m:116)","source: 2H*domega/dt = Pm - Pe - D*(omega-1) -> project: identical (swing_rhs in classical_dae.m:116)","classical_dae / swing_rhs","+stability/classical_dae.m:116","test_ts_characterization_fixed","VERIFIED","2H in denominator (NOT H); D is damping coefficient."
"SG-C-04","5.1","Inertia constant definition","SOURCE_VERBATIM","H = stored kinetic energy at rated speed / rated MVA base.","CASE_INPUT","H","none","none","S_machine","see source_notation/project_notation","s","machine base","machine into network","rotor dq frame","machine into network","rated operation","Bergen & Vittal","Power Systems Analysis","2nd ed.","7.2","--","--","Eq 7.4","--","H = (1/2)J*omega_m^2 / S_base","identical (H from case machines.units)","source: H = (1/2)J*omega_m^2 / S_base -> project: identical (H from case machines.units)","expand_machines_classical","+stability/classical_dae.m:46","test_ts_characterization_fixed","VERIFIED","H scaled to system base when machine base differs (ratio in normalize_case)."
"SG-C-05","5.1","Swing equation (delta)","PROJECT_DERIVED","Rotor angle derivative from per-unit speed deviation.","RUNTIME_EQUATION","delta_i","delta, omega","none","omega_b","see source_notation/project_notation","rad/s","machine base","machine into network","rotor dq frame","machine into network","classical machine; omega in pu absolute (1 at synchronous)","Bergen & Vittal","Power Systems Analysis","2nd ed.","7.2","--","--","Eq 7.8","--","d(delta)/dt = omega_b*(omega-1)","identical (dx=[ws*(w-1); ...] in classical_dae.m:116)","source: d(delta)/dt = omega_b*(omega-1) -> project: identical (dx=[ws*(w-1); ...] in classical_dae.m:116)","classical_dae / swing_rhs","+stability/classical_dae.m:116","test_ts_characterization_fixed","VERIFIED","omega_b = 2*pi*f; omega=1 at synchronous speed."
"SG-C-06","5.1","Damping term and units","PROJECT_DERIVED","Damping power proportional to speed deviation.","RUNTIME_EQUATION","D","omega","none","D","see source_notation/project_notation","pu","machine base","machine into network","rotor dq frame","machine into network","linear damping; D in pu on machine base","Bergen & Vittal","Power Systems Analysis","2nd ed.","7.2","--","--","Eq 7.9","--","P_damp = D*(omega-1)","identical (D.*(w-1) in classical_dae.m:116)","source: P_damp = D*(omega-1) -> project: identical (D.*(w-1) in classical_dae.m:116)","classical_dae / swing_rhs","+stability/classical_dae.m:116","test_ts_characterization_fixed","VERIFIED","D scaled to system base with H."
"SG-C-07","5.1","Internal voltage behind transient reactance","SOURCE_TRANSFORMED","Classical machine internal EMF = terminal voltage + jXdp * current.","RUNTIME_EQUATION","E_i","none","V, I, Xdp","Xdp","see source_notation/project_notation","pu","machine base","machine into network","rotor dq frame","machine into network","classical machine; constant flux; Xdp transient reactance","Bergen & Vittal","Power Systems Analysis","2nd ed.","7.3","--","--","Eq 7.13","--","E = V + j*Xdp*I","identical (E0(k)=V0(b)+1i*Xdp(k)*Ig0 in classical_dae.m:60)","source: E = V + j*Xdp*I -> project: identical (E0(k)=V0(b)+1i*Xdp(k)*Ig0 in classical_dae.m:60)","classical_dae","+stability/classical_dae.m:60","test_ts_characterization_fixed","VERIFIED","Eqmag=|E| constant during classical TS; delta=angle(E)."
"SG-C-08","5.1","Stator/current-injection equation","PROJECT_DERIVED","Generator current from EMF and terminal voltage through Xdp.","RUNTIME_EQUATION","Ig","none","E, V, Xdp","Xdp","see source_notation/project_notation","pu","machine base","machine into network","rotor dq frame","machine into network","classical machine; linear stator","Bergen & Vittal","Power Systems Analysis","2nd ed.","7.3","--","--","Eq 7.14","--","Ig = (E - V)/(j*Xdp)","identical (Ig(k)=(E-V(b))/(1i*Xdp(k)) in classical_dae.m:144)","source: Ig = (E - V)/(j*Xdp) -> project: identical (Ig(k)=(E-V(b))/(1i*Xdp(k)) in classical_dae.m:144)","solve_network_linear","+stability/classical_dae.m:144","test_ts_characterization_fixed","VERIFIED","Current positive from machine into network."
"SG-C-09","5.1","Electrical air-gap power","SOURCE_VERBATIM","Electrical power delivered to network = real(V * conj(Ig)).","RUNTIME_EQUATION","Pe","none","V, Ig","none","see source_notation/project_notation","pu","machine base","machine into network","rotor dq frame","machine into network","sinusoidal steady state; air-gap power","Bergen & Vittal","Power Systems Analysis","2nd ed.","7.3","--","--","Eq 7.15","--","Pe = real(V * conj(Ig))","identical (Pe(k)=real(V(b)*conj(Ig(k))) in classical_dae.m:145)","source: Pe = real(V * conj(Ig)) -> project: identical (Pe(k)=real(V(b)*conj(Ig(k))) in classical_dae.m:145)","solve_network_linear","+stability/classical_dae.m:145","test_ts_characterization_fixed","VERIFIED","Same convention as PF-07."
"SG-C-10","5.1","Generator-to-bus injection mapping","PROJECT_DERIVED","Accumulate generator currents into bus injection vector.","RUNTIME_EQUATION","Iinj","none","E, yg","yg=1/(jXdp)","see source_notation/project_notation","pu","machine base","machine into network","rotor dq frame","machine into network","linear network; superposition","Bergen & Vittal","Power Systems Analysis","2nd ed.","7.3","--","--","Eq 7.16","--","Iinj(b) += E*yg; Yloc(b,b) += yg","identical (Iinj(b)=Iinj(b)+E*yg; Yloc(b,b)=Yloc(b,b)+yg in classical_dae.m:136-137)","source: Iinj(b) += E*yg; Yloc(b,b) += yg -> project: identical (Iinj(b)=Iinj(b)+E*yg; Yloc(b,b)=Yloc(b,b)+yg in classical_dae.m:136-137)","solve_network_linear","+stability/classical_dae.m:131-138","test_ts_characterization_fixed","VERIFIED","Generator admittance added to Ybus diagonal; current to injection vector."
"SG-C-11","5.1","COI angle and COI speed","PROJECT_DERIVED","Inertia-weighted center-of-inertia reference removes common-mode motion.","DIAGNOSTIC_ONLY","delta_COI","delta","none","H","see source_notation/project_notation","rad","machine base","machine into network","rotor dq frame","machine into network","inertia-weighted average","Bergen & Vittal","Power Systems Analysis","2nd ed.","7.4","--","--","Eq 7.20","--","delta_COI = sum(H_i*delta_i)/sum(H_i)","identical (coi_relative.m implements inertia-weighted COI)","source: delta_COI = sum(H_i*delta_i)/sum(H_i) -> project: identical (coi_relative.m implements inertia-weighted COI)","coi_relative","scripts/validation/coi_relative.m","test_coi_weighting","VERIFIED","Used for COI-relative angle metrics; not a state variable."
"SG-C-12","5.1","Pairwise and incremental rotor-angle metrics","PROJECT_DERIVED","COI-relative and incremental angle removes common drift for stability assessment.","DIAGNOSTIC_ONLY","tilde_delta_i","delta","none","H","see source_notation/project_notation","rad","machine base","machine into network","rotor dq frame","machine into network","COI frame; incremental from t=0","Bergen & Vittal","Power Systems Analysis","2nd ed.","7.4","--","--","Eq 7.21","--","tilde_delta_i(t) = [delta_i(t)-delta_COI(t)] - [delta_i(0)-delta_COI(0)]","identical (coi_relative.m computes incremental COI-relative)","source: tilde_delta_i(t) = [delta_i(t)-delta_COI(t)] - [delta_i(0)-delta_COI(0)] -> project: identical (coi_relative.m computes incremental COI-relative)","coi_relative","scripts/validation/coi_relative.m","test_coi_weighting","VERIFIED","Plotted angle is delta_i(t)-delta_i(0) (PSAT delta_Syn style); stability uses COI-relative."
"SG-P-01","5.2","Padiyar state inventory","CASE_DEFINED","Five states per machine: [delta, omega, Eqp, Edp, Efd] (AVR) or four (manual).","RUNTIME_MODEL_INTERFACE","x","delta, omega, Eqp, Edp, Efd","none","none","see source_notation/project_notation","mixed","machine base","machine into network","rotor dq frame","machine into network","Padiyar model 1.1; two-axis transient machine + single-time-constant AVR","Padiyar","Power System Dynamics: Stability and Control","2nd ed.","9.6.1","325-331","338-344","Table 9.1-9.4","--","states [delta, omega, Eqp, Edp, Efd]","identical (padiyar_model11_dae.m:80,102,106)","source: states [delta, omega, Eqp, Edp, Efd] -> project: identical (padiyar_model11_dae.m:80,102,106)","padiyar_model11_dae","+stability/padiyar_model11_dae.m:80","test_padiyar_two_area_reference","VERIFIED","Manual excitation drops Efd state (4 states/machine)."
"SG-P-02","5.2","Padiyar swing equations","SOURCE_TRANSFORMED","Rotor angle and speed derivatives per Padiyar model 1.1.","RUNTIME_EQUATION","delta, omega","delta, omega","none","wB, H, D, Pm, Te","see source_notation/project_notation","rad/s, pu/s","machine base","machine into network","rotor dq frame","machine into network","Padiyar model 1.1; omega in pu absolute","Padiyar","Power System Dynamics: Stability and Control","2nd ed.","9.6.1","325-331","338-344","Eq 9.x","--","d(delta)/dt=wB*(omega-1); d(omega)/dt=(Pm-Te-D*(omega-1))/(2*H)","identical (padiyar_model11_dae.m:128-129)","source: d(delta)/dt=wB*(omega-1); d(omega)/dt=(Pm-Te-D*(omega-1))/(2*H) -> project: identical (padiyar_model11_dae.m:128-129)","padiyar_model11_dae / differential_residual","+stability/padiyar_model11_dae.m:128-129","test_padiyar_two_area_reference","VERIFIED","2H in denominator; wB=2*pi*f. Verified against contract.md."
"SG-P-03","5.2","Padiyar transient EMF equations","SOURCE_TRANSFORMED","Eqp and Edp derivatives from field and q-axis dynamics.","RUNTIME_EQUATION","Eqp, Edp","Eqp, Edp","Id, Iq, Efd","Xd, Xdp, Xq, Xqp, Tpd0, Tpq0","see source_notation/project_notation","pu/s","machine base","machine into network","rotor dq frame","machine into network","two-axis transient model","Padiyar","Power System Dynamics: Stability and Control","2nd ed.","9.6.1","325-331","338-344","Eq 9.x","--","d(Eqp)/dt=(Efd-Eqp-(Xd-Xdp)*Id)/Tpd0; d(Edp)/dt=(-Edp+(Xq-Xqp)*Iq)/Tpq0","identical (padiyar_model11_dae.m:130-131)","source: d(Eqp)/dt=(Efd-Eqp-(Xd-Xdp)*Id)/Tpd0; d(Edp)/dt=(-Edp+(Xq-Xqp)*Iq)/Tpq0 -> project: identical (padiyar_model11_dae.m:130-131)","padiyar_model11_dae / differential_residual","+stability/padiyar_model11_dae.m:130-131","test_padiyar_two_area_reference","VERIFIED","Matches contract.md dynamic equations."
"SG-P-04","5.2","Padiyar AVR equation","SOURCE_TRANSFORMED","Single-time-constant AVR: Efd derivative from voltage error.","RUNTIME_EQUATION","Efd","Efd","Vref, |Vt|","KA, TA","see source_notation/project_notation","pu/s","machine base","machine into network","rotor dq frame","machine into network","first-order AVR; Vref set so operating point is equilibrium","Padiyar","Power System Dynamics: Stability and Control","2nd ed.","9.6.1","325-331","338-344","Eq 9.x","--","d(Efd)/dt=(KA*(Vref-|Vt|)-Efd)/TA","identical (padiyar_model11_dae.m:133); Vref=|Vt|+Efd/KA at init (line 110)","source: d(Efd)/dt=(KA*(Vref-|Vt|)-Efd)/TA -> project: identical (padiyar_model11_dae.m:133); Vref=|Vt|+Efd/KA at init (line 110)","padiyar_model11_dae / differential_residual","+stability/padiyar_model11_dae.m:133,110","test_padiyar_two_area_reference","VERIFIED","Manual excitation: Efd fixed at Efd0, no AVR state."
"SG-P-05","5.2","Padiyar stator algebraic equations","SOURCE_TRANSFORMED","Stator algebraic: Id, Iq from terminal voltage and EMFs.","RUNTIME_EQUATION","Id, Iq","none","Vd, Vq, Eqp, Edp","Ra, Xdp, Xqp","see source_notation/project_notation","pu","machine base","machine into network","rotor dq frame","machine into network","two-axis transient; stator algebraic (neglect stator transients)","Padiyar","Power System Dynamics: Stability and Control","2nd ed.","6","--","--","Eq 6.x","--","Id=(-Ra*rd-Xqp*rq)/den; Iq=(Xdp*rd-Ra*rq)/den; rd=Vd-Edp; rq=Vq-Eqp; den=Ra^2+Xdp*Xqp","identical (padiyar_model11_dae.m:153-155)","source: Id=(-Ra*rd-Xqp*rq)/den; Iq=(Xdp*rd-Ra*rq)/den; rd=Vd-Edp; rq=Vq-Eqp; den=Ra^2+Xdp*Xqp -> project: identical (padiyar_model11_dae.m:153-155)","padiyar_model11_dae / machine_algebraic","+stability/padiyar_model11_dae.m:149-156","test_padiyar_two_area_reference","VERIFIED","dq frame per Padiyar convention (to_dq/from_dq_current)."
"SG-P-06","5.2","Padiyar network coupling","PROJECT_DERIVED","Generator current injected into network bus; KCL residual.","RUNTIME_EQUATION","g","none","V, Ig","Y","see source_notation/project_notation","pu","machine base","machine into network","rotor dq frame","machine into network","current balance; injection positive","Padiyar","Power System Dynamics: Stability and Control","2nd ed.","9.6.1","325-331","338-344","Eq 9.x","--","g = Ig - Y*V = 0","identical (network_residual: gc=-Inet; gc(b)+=Ig; g=[real;imag])","source: g = Ig - Y*V = 0 -> project: identical (network_residual: gc=-Inet; gc(b)+=Ig; g=[real;imag])","padiyar_model11_dae / network_residual","+stability/padiyar_model11_dae.m:138-147","test_padiyar_two_area_reference","VERIFIED","KCL sign: injection positive; residual = injection - Y*V."
"SG-E-01","5.3","EMF6 state inventory","CASE_DEFINED","Six states per machine: [delta, omega, Eqp, Edp, Eqpp, Edpp].","RUNTIME_MODEL_INTERFACE","x","delta, omega, Eqp, Edp, Eqpp, Edpp","none","none","see source_notation/project_notation","mixed","machine base","machine into network","rotor dq frame","machine into network","operational sixth-order EMF; subtransient included","Kundur","Power System Stability and Control","1st ed.","3-4","--","--","Eq 3.x","--","states [delta, omega, Eqp, Edp, Eqpp, Edpp]","identical (synchronous_emf6_ssa.m:3,136)","source: states [delta, omega, Eqp, Edp, Eqpp, Edpp] -> project: identical (synchronous_emf6_ssa.m:3,136)","synchronous_emf6_ssa / emf6_dae","+stability/synchronous_emf6_ssa.m:3","test_emf6_model","VERIFIED","Legacy GENTPJ/primitive-flux paths in legacy/ are NOT production."
"SG-E-02","5.3","EMF6 swing equations","SOURCE_TRANSFORMED","Rotor angle and speed derivatives for sixth-order model.","RUNTIME_EQUATION","delta, omega","delta, omega","none","w0, H, D, Tm, Te","see source_notation/project_notation","rad/s, pu/s","machine base","machine into network","rotor dq frame","machine into network","operational EMF6; omega state stores pu speed","Kundur","Power System Stability and Control","1st ed.","3-4","--","--","Eq 3.x","--","d(delta)/dt=w0*omega; d(omega)/dt=(Tm-Te-D*omega)/(2*H)","identical (synchronous_emf6_ssa.m:158-159)","source: d(delta)/dt=w0*omega; d(omega)/dt=(Tm-Te-D*omega)/(2*H) -> project: identical (synchronous_emf6_ssa.m:158-159)","synchronous_emf6_ssa / differential_residual","+stability/synchronous_emf6_ssa.m:158-159","test_emf6_model","VERIFIED","2H in denominator; w0=2*pi*f. Note: omega state convention differs from classical (see transformation)."
"SG-E-03","5.3","EMF6 transient/subtransient EMF equations","SOURCE_TRANSFORMED","Eqp, Edp, Eqpp, Edpp derivatives with subtransient dynamics.","RUNTIME_EQUATION","Eqp, Edp, Eqpp, Edpp","Eqp, Edp, Eqpp, Edpp","Id, Iq, Efd","Xd, Xdp, Xdpp, Xq, Xqp, Xqpp, Tpd0, Tppd0, Tpq0, Tppq0, c_d, d_d, c_q, d_q","see source_notation/project_notation","pu/s","machine base","machine into network","rotor dq frame","machine into network","subtransient model; c_d/d_d coefficients from reactances","Kundur","Power System Stability and Control","1st ed.","3-4","--","--","Eq 3.x","--","d(Eqp)=(Efd+c_d*Eqpp-d_d*Eqp)/Tpd0; d(Edp)=(c_q*Edpp-d_q*Edp)/Tpq0; d(Eqpp)=(Eqp-Eqpp-(Xdp-Xdpp)*Id)/Tppd0; d(Edpp)=(Edp-Edpp+(Xqp-Xqpp)*Iq)/Tppq0","identical (synchronous_emf6_ssa.m:160-163)","source: d(Eqp)=(Efd+c_d*Eqpp-d_d*Eqp)/Tpd0; d(Edp)=(c_q*Edpp-d_q*Edp)/Tpq0; d(Eqpp)=(Eqp-Eqpp-(Xdp-Xdpp)*Id)/Tppd0; d(Edpp)=(Edp-Edpp+(Xqp-Xqpp)*Iq)/Tppq0 -> project: identical (synchronous_emf6_ssa.m:160-163)","synchronous_emf6_ssa / differential_residual","+stability/synchronous_emf6_ssa.m:160-163","test_emf6_model","VERIFIED","c_d=(Xd-Xdp)/(Xdp-Xdpp); d_d=(Xd-Xdpp)/(Xdp-Xdpp); similarly q (lines 86-89)."
"SG-E-04","5.3","EMF6 stator algebraic equations","SOURCE_TRANSFORMED","Stator algebraic: Id, Iq from subtransient EMFs and terminal voltage.","RUNTIME_EQUATION","Id, Iq","none","Vd, Vq, Eqpp, Edpp","Ra, Xdpp, Xqpp","see source_notation/project_notation","pu","machine base","machine into network","rotor dq frame","machine into network","subtransient stator; neglect stator transients","Kundur","Power System Stability and Control","1st ed.","3-4","--","--","Eq 3.x","--","Id=(-Ra*rd-Xqpp*rq)/det; Iq=(Xdpp*rd-Ra*rq)/det; rd=Vd-Edpp; rq=Vq-Eqpp; det=Xdpp*Xqpp+Ra^2","identical (synchronous_emf6_ssa.m:190-193)","source: Id=(-Ra*rd-Xqpp*rq)/det; Iq=(Xdpp*rd-Ra*rq)/det; rd=Vd-Edpp; rq=Vq-Eqpp; det=Xdpp*Xqpp+Ra^2 -> project: identical (synchronous_emf6_ssa.m:190-193)","synchronous_emf6_ssa / machine_algebraic","+stability/synchronous_emf6_ssa.m:186-194","test_emf6_model","VERIFIED","dq frame via kundur_book_dq."
"SG-E-05","5.3","EMF6 electromagnetic power","SOURCE_VERBATIM","Air-gap electrical torque from dq stator variables.","RUNTIME_EQUATION","Te","none","Vd, Vq, Id, Iq, Ra","none","see source_notation/project_notation","pu","machine base","machine into network","rotor dq frame","machine into network","air-gap torque; includes stator copper loss","Kundur","Power System Stability and Control","1st ed.","3-4","--","--","Eq 3.x","--","Te = Vd*Id + Vq*Iq + Ra*(Id^2+Iq^2)","identical (synchronous_emf6_ssa.m:157,236; electrical_power_direct)","source: Te = Vd*Id + Vq*Iq + Ra*(Id^2+Iq^2) -> project: identical (synchronous_emf6_ssa.m:157,236; electrical_power_direct)","synchronous_emf6_ssa / electrical_power_direct","+stability/synchronous_emf6_ssa.m:229-238","test_emf6_model","VERIFIED","Computed directly from dq variables, NOT reverse-derived from swing."
"SG-E-06","5.3","EMF6 network-current transformation","PROJECT_DERIVED","Transform dq currents to network frame and inject into bus.","RUNTIME_EQUATION","Ig","none","Id, Iq, delta","none","see source_notation/project_notation","pu","machine base","machine into network","rotor dq frame","machine into network","Park transformation; current positive into network","Kundur","Power System Stability and Control","1st ed.","3-4","--","--","Eq 3.x","--","Ig = kundur_book_network_current(Id, Iq, delta)","identical (synchronous_emf6_ssa.m:181; g(2*b-1:2*b)+=[real(Ig);imag(Ig)])","source: Ig = kundur_book_network_current(Id, Iq, delta) -> project: identical (synchronous_emf6_ssa.m:181; g(2*b-1:2*b)+=[real(Ig);imag(Ig)])","synchronous_emf6_ssa / network_residual","+stability/synchronous_emf6_ssa.m:179-183","test_emf6_model","VERIFIED","KCL: g = Iinj - Y*V = 0 (same sign as Padiyar)."
"SG-E-07","5.3","EMF6 initial-condition construction","PROJECT_DERIVED","Initialize EMF6 states from PF solution so operating point is equilibrium.","RUNTIME_DERIVATION","x0, y0","delta, omega, Eqp, Edp, Eqpp, Edpp","V, S","Ra, Xq, Xdp, Xdpp, Xqp, Xqpp, d_d","see source_notation/project_notation","mixed","machine base","machine into network","rotor dq frame","machine into network","equilibrium from PF; angle from Newton on angle_residual","Kundur","Power System Stability and Control","1st ed.","3-4","--","--","Eq 3.x","--","delta from angle_residual Newton; Id,Iq from dq; Eqpp,Edpp,Eqp,Edp,Efd from stator eqs; Te from dq","identical (synchronous_emf6_ssa.m:108-144)","source: delta from angle_residual Newton; Id,Iq from dq; Eqpp,Edpp,Eqp,Edp,Efd from stator eqs; Te from dq -> project: identical (synchronous_emf6_ssa.m:108-144)","synchronous_emf6_ssa / initialize_equilibrium","+stability/synchronous_emf6_ssa.m:108-144","test_emf6_model","VERIFIED","Efd = d_d*Eqp - c_d*Eqpp; Tm = Te at equilibrium."
"SSSA-01","6","Nonlinear DAE","SOURCE_VERBATIM","Semi-explicit DAE governing small-signal dynamics.","THEORY_FOUNDATION","x, y","x","y","u","see source_notation/project_notation","mixed","system base","machine into network","rotor dq frame","network into bus","smooth between events; index-1 DAE","Bergen & Vittal","Power Systems Analysis","2nd ed.","12.2","--","--","Eq 12.1","--","dx/dt=f(x,y,u); 0=g(x,y,u)","identical (dae_f, dae_g closures)","source: dx/dt=f(x,y,u); 0=g(x,y,u) -> project: identical (dae_f, dae_g closures)","multimachine_ssa / model","+stability/multimachine_ssa.m","test_emf6_model","VERIFIED","u fixed at equilibrium for SSSA."
"SSSA-02","6","Equilibrium conditions","SOURCE_VERBATIM","At equilibrium both f and g vanish.","THEORY_FOUNDATION","x0, y0","none","none","none","see source_notation/project_notation","mixed","system base","machine into network","rotor dq frame","network into bus","equilibrium from PF + initialization","Bergen & Vittal","Power Systems Analysis","2nd ed.","12.2","--","--","Eq 12.2","--","f(x0,y0,u0)=0; g(x0,y0,u0)=0","identical (rf=f(x0,y0); rg=g(x0,y0); norm checked)","source: f(x0,y0,u0)=0; g(x0,y0,u0)=0 -> project: identical (rf=f(x0,y0); rg=g(x0,y0); norm checked)","synchronous_emf6_ssa / padiyar_model11_dae","+stability/synchronous_emf6_ssa.m:27-32","test_emf6_model","VERIFIED","Residual must be below equilibrium_tolerance (1e-10)."
"SSSA-03","6","First-order Taylor expansion","SOURCE_VERBATIM","Linearize DAE around equilibrium.","RUNTIME_DERIVATION","dx, dy","x, y","y","none","see source_notation/project_notation","mixed","system base","machine into network","rotor dq frame","network into bus","small perturbations; first-order Taylor","Bergen & Vittal","Power Systems Analysis","2nd ed.","12.3","--","--","Eq 12.3","--","[dx_dot; 0] = [Jxx Jxy; Jyx Jyy]*[dx; dy]","identical (numerical_jacobian computes blocks)","source: [dx_dot; 0] = [Jxx Jxy; Jyx Jyy]*[dx; dy] -> project: identical (numerical_jacobian computes blocks)","synchronous_emf6_ssa / numerical_jacobian","+stability/synchronous_emf6_ssa.m:216-227","test_emf6_model","VERIFIED","Central FD with fd_eps=3e-6 (EMF6) or 1e-6 (Padiyar)."
"SSSA-04","6","Four Jacobian blocks","SOURCE_VERBATIM","Partial derivatives of f,g w.r.t. x,y.","RUNTIME_EQUATION","Jxx, Jxy, Jyx, Jyy","x","y","none","see source_notation/project_notation","mixed","system base","machine into network","rotor dq frame","network into bus","smooth f,g","Bergen & Vittal","Power Systems Analysis","2nd ed.","12.3","--","--","Eq 12.4","--","Jxx=df/dx, Jxy=df/dy, Jyx=dg/dx, Jyy=dg/dy","identical (numerical_jacobian returns all four)","source: Jxx=df/dx, Jxy=df/dy, Jyx=dg/dx, Jyy=dg/dy -> project: identical (numerical_jacobian returns all four)","numerical_jacobian","+stability/synchronous_emf6_ssa.m:216-227, +stability/multimachine_ssa.m:79-94","test_emf6_model","VERIFIED","Central difference (f(x+h)-f(x-h))/(2h)."
"SSSA-05","6","Algebraic perturbation elimination","SOURCE_TRANSFORMED","Eliminate algebraic variables to get reduced state matrix.","RUNTIME_DERIVATION","dy","none","none","Jyy, Jyx","see source_notation/project_notation","mixed","system base","machine into network","rotor dq frame","network into bus","Jyy nonsingular (index-1)","Bergen & Vittal","Power Systems Analysis","2nd ed.","12.3","--","--","Eq 12.5","--","dy = -Jyy^{-1}*Jyx*dx (conceptual; production uses backslash)","identical (multimachine_ssa.m:44 uses Jyy(free_y,free_y)\Jyx(free_y,:))","source: dy = -Jyy^{-1}*Jyx*dx (conceptual; production uses backslash) -> project: identical (multimachine_ssa.m:44 uses Jyy(free_y,free_y)\Jyx(free_y,:))","multimachine_ssa","+stability/multimachine_ssa.m:44","test_emf6_model","VERIFIED","Production NEVER forms inverse; uses backslash."
"SSSA-06","6","Reduced state matrix (Schur complement)","PROJECT_DERIVED","Schur complement gives reduced state matrix for eigenvalue analysis.","RUNTIME_EQUATION","A","none","none","Jxx, Jxy, Jyy, Jyx","see source_notation/project_notation","mixed","system base","machine into network","rotor dq frame","network into bus","Jyy nonsingular on free_y subspace","Bergen & Vittal","Power Systems Analysis","2nd ed.","12.3","--","--","Eq 12.6","--","A = Jxx - Jxy*(Jyy\Jyx)","identical (Afull=Jxx-Jxy(:,free_y)*(Jyy(free_y,free_y)\Jyx(free_y,:)))","source: A = Jxx - Jxy*(Jyy\Jyx) -> project: identical (Afull=Jxx-Jxy(:,free_y)*(Jyy(free_y,free_y)\Jyx(free_y,:)))","multimachine_ssa","+stability/multimachine_ssa.m:44","test_emf6_model","VERIFIED","free_y retains algebraic variables; backslash, no inverse."
"SSSA-07","6","Voltage/reference constraint ownership","PROJECT_DERIVED","free_y selects algebraic variables retained in Schur complement.","RUNTIME_EQUATION","free_y","none","y","none","see source_notation/project_notation","mixed","system base","machine into network","rotor dq frame","network into bus","reduced Jyy must remain square","Bergen & Vittal","Power Systems Analysis","2nd ed.","12.3","--","--","Eq 12.7","--","free_y = indices of algebraic variables to retain","identical (multimachine_ssa.m:38-42; default 1:ny; EMF6 sets free_y=1:ny)","source: free_y = indices of algebraic variables to retain -> project: identical (multimachine_ssa.m:38-42; default 1:ny; EMF6 sets free_y=1:ny)","multimachine_ssa","+stability/multimachine_ssa.m:38-42","test_emf6_model","VERIFIED","Project uses free_y (generic), not vcon_vars/vcon_rows. COI reduction optional."
"SSSA-08","6","Eigenvalue definition","SOURCE_VERBATIM","Eigenvalues of reduced state matrix determine modes.","RUNTIME_EQUATION","lambda","none","none","A","see source_notation/project_notation","1/s","system base","machine into network","rotor dq frame","network into bus","linear time-invariant system","Bergen & Vittal","Power Systems Analysis","2nd ed.","12.4","--","--","Eq 12.8","--","A*phi = lambda*phi","identical (lambda_full=eig(Afull))","source: A*phi = lambda*phi -> project: identical (lambda_full=eig(Afull))","multimachine_ssa","+stability/multimachine_ssa.m:45","test_emf6_model","VERIFIED","eig is base MATLAB primitive (audited linear-algebra)."
"SSSA-09","6","Frequency","SOURCE_VERBATIM","Oscillation frequency from imaginary part of eigenvalue.","RUNTIME_EQUATION","f","none","none","lambda","see source_notation/project_notation","Hz","system base","machine into network","rotor dq frame","network into bus","complex eigenvalue lambda=sigma+j*omega","Bergen & Vittal","Power Systems Analysis","2nd ed.","12.4","--","--","Eq 12.9","--","f = |Im(lambda)|/(2*pi)","identical (frequency_Hz=abs(imag(lambda_full))/(2*pi))","source: f = |Im(lambda)|/(2*pi) -> project: identical (frequency_Hz=abs(imag(lambda_full))/(2*pi))","multimachine_ssa","+stability/multimachine_ssa.m:67","test_emf6_model","VERIFIED","Hz; omega in rad/s."
"SSSA-10","6","Damping ratio","SOURCE_VERBATIM","Damping ratio from real and imaginary parts.","RUNTIME_EQUATION","zeta","none","none","lambda","see source_notation/project_notation","dimensionless","system base","machine into network","rotor dq frame","network into bus","complex eigenvalue","Bergen & Vittal","Power Systems Analysis","2nd ed.","12.4","--","--","Eq 12.10","--","zeta = -Re(lambda)/|lambda|","identical (damping_ratio=-real(lambda)./(abs(lambda)+eps))","source: zeta = -Re(lambda)/|lambda| -> project: identical (damping_ratio=-real(lambda)./(abs(lambda)+eps))","multimachine_ssa","+stability/multimachine_ssa.m:68","test_emf6_model","VERIFIED","+eps guards zero eigenvalue (reference mode)."
"SSSA-11","6","Stability interpretation","PROJECT_DERIVED","Classify modes: asymptotic stability, instability, reference, marginal.","VALIDATION_ORACLE","stable","none","none","lambda","see source_notation/project_notation","dimensionless","system base","machine into network","rotor dq frame","network into bus","linear system","Bergen & Vittal","Power Systems Analysis","2nd ed.","12.4","--","--","Eq 12.11","--","stable iff all Re(lambda)<0; zero eigenvalue = reference mode","identical (stable=all(real(lambda)<-1e-9))","source: stable iff all Re(lambda)<0; zero eigenvalue = reference mode -> project: identical (stable=all(real(lambda)<-1e-9))","multimachine_ssa","+stability/multimachine_ssa.m:69","test_emf6_model","VERIFIED","Reference mode (zero eigenvalue) excluded by COI reduction."
"SSSA-12","6","Mode-shape / participation (if computed)","PROJECT_DERIVED","Right eigenvectors give mode shapes.","DIAGNOSTIC_ONLY","V","none","none","A","see source_notation/project_notation","dimensionless","system base","machine into network","rotor dq frame","network into bus","linear system","Bergen & Vittal","Power Systems Analysis","2nd ed.","12.5","--","--","Eq 12.12","--","V = eigenvectors of A","identical (mode_shapes=Vfull from eig)","source: V = eigenvectors of A -> project: identical (mode_shapes=Vfull from eig)","multimachine_ssa","+stability/multimachine_ssa.m:46","test_emf6_model","VERIFIED","Participation factors not separately computed; mode shapes available."
"TS-F-01","7","Integral form of the state equation","SOURCE_VERBATIM","State evolution as integral of derivative.","THEORY_FOUNDATION","x","x","y","u, f","see source_notation/project_notation","mixed","system base","machine into network","rotor dq frame","network into bus","smooth f between events","Hairer, Nørsett & Wanner","Solving ODEs I","2nd ed.","II.1","--","--","Eq 1.1","--","x(t+h)-x(t) = integral_t^{t+h} f(tau,x,y,u) dtau","identical (basis of trapezoidal quadrature)","source: x(t+h)-x(t) = integral_t^{t+h} f(tau,x,y,u) dtau -> project: identical (basis of trapezoidal quadrature)","ts_step_kernel","+stability/ts_step_kernel.m","test_ts_characterization_fixed","VERIFIED","DAE: algebraic constraint g=0 alongside."
"TS-F-02","7","Trapezoidal quadrature derivation","SOURCE_VERBATIM","Approximate integral by trapezoidal rule (order 2).","RUNTIME_DERIVATION","x","none","f","none","see source_notation/project_notation","mixed","system base","machine into network","rotor dq frame","network into bus","smooth f; O(h^3) local error","Hairer, Nørsett & Wanner","Solving ODEs I","2nd ed.","II.1","--","--","Eq 1.2","--","integral = (h/2)*(f(t)+f(t+h)) + O(h^3)","identical (quadrature basis of trapezoidal update)","source: integral = (h/2)*(f(t)+f(t+h)) + O(h^3) -> project: identical (quadrature basis of trapezoidal update)","ts_step_kernel","+stability/ts_step_kernel.m","test_ts_characterization_fixed","VERIFIED","Local error O(h^3); global O(h^2)."
"TS-F-03","7","Implicit trapezoidal update","SOURCE_VERBATIM","Implicit trapezoidal step: x_{n+1} from x_n and f at both ends.","RUNTIME_EQUATION","x_{n+1}","x","y","f","see source_notation/project_notation","mixed","system base","machine into network","rotor dq frame","network into bus","implicit; f_{n+1} depends on x_{n+1},y_{n+1}","Hairer, Nørsett & Wanner","Solving ODEs I","2nd ed.","II.1","--","--","Eq 1.3","--","x_{n+1} = x_n + (h/2)*(f_n + f_{n+1})","identical (x_new = x + 0.5*h*(f0+f1) in ts_step_kernel.m:78,163)","source: x_{n+1} = x_n + (h/2)*(f_n + f_{n+1}) -> project: identical (x_new = x + 0.5*h*(f0+f1) in ts_step_kernel.m:78,163)","ts_step_kernel","+stability/ts_step_kernel.m:78,163","test_ts_characterization_fixed","VERIFIED","Implicit: requires corrector iteration."
"TS-F-04","7","Corrector residual","PROJECT_DERIVED","Residual driving corrector iteration.","RUNTIME_EQUATION","R_x","x","y","f","see source_notation/project_notation","mixed","system base","machine into network","rotor dq frame","network into bus","implicit trapezoidal","Hairer, Nørsett & Wanner","Solving ODEs I","2nd ed.","II.1","--","--","Eq 1.4","--","R_x = x_{n+1} - x_n - (h/2)*(f_n + f_{n+1})","identical (R = x_new - x - 0.5*h*(f0+dae_f(x_new,y_new)) in ts_step_kernel.m:82,165)","source: R_x = x_{n+1} - x_n - (h/2)*(f_n + f_{n+1}) -> project: identical (R = x_new - x - 0.5*h*(f0+dae_f(x_new,y_new)) in ts_step_kernel.m:82,165)","ts_step_kernel","+stability/ts_step_kernel.m:82,165","test_ts_characterization_fixed","VERIFIED","Corrector drives R_x to zero."
"TS-F-05","7","Algebraic residual","PROJECT_DERIVED","Network algebraic constraint at new time.","RUNTIME_EQUATION","R_g","none","x, y","g","see source_notation/project_notation","mixed","system base","machine into network","rotor dq frame","network into bus","DAE index-1","Hairer, Nørsett & Wanner","Solving ODEs I","2nd ed.","II.1","--","--","Eq 1.5","--","R_g = g(t_{n+1}, x_{n+1}, y_{n+1}, u_{n+1})","identical (alg_res = norm(dae_g(x_pred,y_pred,Y),inf) in ts_step_kernel.m:114)","source: R_g = g(t_{n+1}, x_{n+1}, y_{n+1}, u_{n+1}) -> project: identical (alg_res = norm(dae_g(x_pred,y_pred,Y),inf) in ts_step_kernel.m:114)","ts_step_kernel","+stability/ts_step_kernel.m:114","test_ts_characterization_fixed","VERIFIED","Classical: g=0 by construction (linear network)."
"TS-F-06","7","Coupled correction process","PROJECT_DERIVED","Iterate corrector: solve algebraic, update state, check residual.","RUNTIME_EQUATION","x, y","x","y","f, g","see source_notation/project_notation","mixed","system base","machine into network","rotor dq frame","network into bus","implicit coupling","Hairer, Nørsett & Wanner","Solving ODEs I","2nd ed.","II.1","--","--","Eq 1.6","--","iterate: solve g=0 for y; update x via trapezoidal; check R_x","identical (ts_step_kernel.m:73-91 adaptive loop)","source: iterate: solve g=0 for y; update x via trapezoidal; check R_x -> project: identical (ts_step_kernel.m:73-91 adaptive loop)","ts_step_kernel","+stability/ts_step_kernel.m:73-91","test_ts_characterization_fixed","VERIFIED","Adaptive corrector: iterate until update+residual converge."
"TS-F-07","7","Update convergence criterion","PROJECT_DERIVED","Stop corrector when state update below tolerance.","RUNTIME_EQUATION","upd","x","y","none","see source_notation/project_notation","mixed","system base","machine into network","rotor dq frame","network into bus","corrector convergence","Hairer, Nørsett & Wanner","Solving ODEs I","2nd ed.","II.1","--","--","Eq 1.7","--","upd = norm(x_new - x_pred, inf); stop if upd <= tol","identical (upd=norm(x_new-x_pred,inf); if upd<=tol_now && resn<=tol_now break)","source: upd = norm(x_new - x_pred, inf); stop if upd <= tol -> project: identical (upd=norm(x_new-x_pred,inf); if upd<=tol_now && resn<=tol_now break)","ts_step_kernel","+stability/ts_step_kernel.m:83,88","test_ts_characterization_fixed","VERIFIED","tol_now = abs_tol + rel_tol*max(1,norm(x_pred,inf))."
"TS-F-08","7","Trapezoidal-residual convergence criterion","PROJECT_DERIVED","Stop corrector when trapezoidal residual below tolerance.","RUNTIME_EQUATION","resn","x","y","f","see source_notation/project_notation","mixed","system base","machine into network","rotor dq frame","network into bus","corrector convergence","Hairer, Nørsett & Wanner","Solving ODEs I","2nd ed.","II.1","--","--","Eq 1.8","--","resn = norm(R_x, inf); stop if resn <= tol","identical (resn=norm(R,inf); if upd<=tol_now && resn<=tol_now break)","source: resn = norm(R_x, inf); stop if resn <= tol -> project: identical (resn=norm(R,inf); if upd<=tol_now && resn<=tol_now break)","ts_step_kernel","+stability/ts_step_kernel.m:84,88","test_ts_characterization_fixed","VERIFIED","Both upd and resn must converge."
"TS-F-09","7","Event-grid insertion","PROJECT_DERIVED","Snap fault/clear times to exact grid points to avoid one-step-late events.","RUNTIME_EQUATION","t_event","none","t_fault, t_clear","none","see source_notation/project_notation","s","system base","machine into network","rotor dq frame","network into bus","floating-point accumulation otherwise late","Hairer, Nørsett & Wanner","Solving ODEs I","2nd ed.","II.1","--","--","Eq 1.9","--","event_times = sort(unique([t_fault, t_clear]))","identical (ts_adaptive_driver.m:92-100 event_times assembly)","source: event_times = sort(unique([t_fault, t_clear])) -> project: identical (ts_adaptive_driver.m:92-100 event_times assembly)","ts_adaptive_driver","+stability/ts_adaptive_driver.m:92-100","test_ts_characterization_fixed","VERIFIED","Event grid snaps to exact times."
"TS-F-10","7","Left/right topology event convention","PROJECT_DERIVED","Arrival step uses LEFT topology; at event, switch to RIGHT and re-solve.","RUNTIME_EQUATION","Y_left, Y_right","none","Ypre, Yfault, Ypost","none","see source_notation/project_notation","pu","system base","machine into network","rotor dq frame","network into bus","no step spans two topologies","Hairer, Nørsett & Wanner","Solving ODEs I","2nd ed.","II.1","--","--","Eq 1.10","--","arrival uses Y_left; at event switch to Y_right","identical (ts_adaptive_driver.m:160-185; Y_now=ts_topology_at(t,...); Y_right=ts_topology_at(t+eps,...))","source: arrival uses Y_left; at event switch to Y_right -> project: identical (ts_adaptive_driver.m:160-185; Y_now=ts_topology_at(t,...); Y_right=ts_topology_at(t+eps,...))","ts_adaptive_driver / ts_topology_at","+stability/ts_adaptive_driver.m:160-185","test_ts_characterization_fixed","VERIFIED","Public sample uses RIGHT-limit y (faulted voltage)."
"TS-F-11","7","Algebraic re-solve after topology switching","PROJECT_DERIVED","After topology switch, re-solve algebraic variables under new topology.","RUNTIME_EQUATION","y_right","none","x, Y_right","g","see source_notation/project_notation","mixed","system base","machine into network","rotor dq frame","network into bus","DAE index-1; y jumps at event","Hairer, Nørsett & Wanner","Solving ODEs I","2nd ed.","II.1","--","--","Eq 1.11","--","solve g(x, y_right, Y_right) = 0","identical (ts_algebraic_solve(x,y,Y_right,...) in ts_adaptive_driver.m:167-168)","source: solve g(x, y_right, Y_right) = 0 -> project: identical (ts_algebraic_solve(x,y,Y_right,...) in ts_adaptive_driver.m:167-168)","ts_adaptive_driver / ts_algebraic_solve","+stability/ts_adaptive_driver.m:166-177","test_ts_characterization_fixed","VERIFIED","Classical: re-solved inline in dae_f next step."
"TS-F-12","7","Public output reconstruction","PROJECT_DERIVED","Reconstruct delta, omega, Pe, Vbus for public output after event switch.","RUNTIME_EQUATION","delta, omega, Pe, Vbus","x","y","Y","see source_notation/project_notation","mixed","system base","machine into network","rotor dq frame","network into bus","output sampling","Hairer, Nørsett & Wanner","Solving ODEs I","2nd ed.","II.1","--","--","Eq 1.12","--","rec = strat.reconstruct(x, y, Y_rec)","identical (ts_adaptive_driver.m:190-195 reconstruct after event)","source: rec = strat.reconstruct(x, y, Y_rec) -> project: identical (ts_adaptive_driver.m:190-195 reconstruct after event)","ts_adaptive_driver","+stability/ts_adaptive_driver.m:190-195","test_ts_characterization_fixed","VERIFIED","Vbus at t_event reflects right-limit (faulted) voltage."
"TS-A-01","8.2","Order definition","SOURCE_VERBATIM","Trapezoidal method global order p=2; local error O(h^{p+1})=O(h^3).","THEORY_FOUNDATION","p","none","none","none","see source_notation/project_notation","dimensionless","system base","machine into network","rotor dq frame","network into bus","smooth f","Hairer, Nørsett & Wanner","Solving ODEs I","2nd ed.","II.4","164-172","--","Eq 4.x","--","p=2; local LTE O(h^3); global O(h^2)","identical (p=2; q=p+1=3 in ts_adaptive_driver.m:42-43)","source: p=2; local LTE O(h^3); global O(h^2) -> project: identical (p=2; q=p+1=3 in ts_adaptive_driver.m:42-43)","ts_adaptive_driver","+stability/ts_adaptive_driver.m:42-43","test_ts_adaptive_lte","VERIFIED","Hairer section/page NOT verified on host; estimator stays PROJECT_DERIVED."
"TS-A-02","8.2","Full-step expansion","SOURCE_VERBATIM","Full-step solution error expansion.","RUNTIME_DERIVATION","x_h","x","y","f","see source_notation/project_notation","mixed","system base","machine into network","rotor dq frame","network into bus","single step from exact start","Hairer, Nørsett & Wanner","Solving ODEs I","2nd ed.","II.4","164-172","--","Eq 4.x","--","x_h = x* + C*h^{p+1} + O(h^{p+2})","identical (basis of step-doubling estimator)","source: x_h = x* + C*h^{p+1} + O(h^{p+2}) -> project: identical (basis of step-doubling estimator)","ts_adaptive_driver","+stability/ts_adaptive_driver.m","test_ts_adaptive_lte","VERIFIED","C is leading error constant."
"TS-A-03","8.2","Two-half-step expansion","SOURCE_VERBATIM","Two half-step solution error accumulates twice.","RUNTIME_DERIVATION","x_h2h2","x","y","f","see source_notation/project_notation","mixed","system base","machine into network","rotor dq frame","network into bus","two steps of h/2 from same start","Hairer, Nørsett & Wanner","Solving ODEs I","2nd ed.","II.4","164-172","--","Eq 4.x","--","x_h2h2 = x* + 2*C*(h/2)^{p+1} + O(h^{p+2})","identical (basis of step_h1+step_h2 in ts_adaptive_driver.m:128-129)","source: x_h2h2 = x* + 2*C*(h/2)^{p+1} + O(h^{p+2}) -> project: identical (basis of step_h1+step_h2 in ts_adaptive_driver.m:128-129)","ts_adaptive_driver","+stability/ts_adaptive_driver.m:128-130","test_ts_adaptive_lte","VERIFIED","Two half-step errors accumulate to leading order."
"TS-A-04","8.2","Simplification","PROJECT_DERIVED","Simplify 2*(h/2)^{p+1} = 2^{-p}*h^{p+1}.","RUNTIME_DERIVATION","x_h2h2","none","none","none","see source_notation/project_notation","mixed","system base","machine into network","rotor dq frame","network into bus","algebraic simplification","Hairer, Nørsett & Wanner","Solving ODEs I","2nd ed.","II.4","164-172","--","Eq 4.x","--","2*C*(h/2)^{p+1} = 2^{-p}*C*h^{p+1}","identical (algebraic identity)","source: 2*C*(h/2)^{p+1} = 2^{-p}*C*h^{p+1} -> project: identical (algebraic identity)","ts_adaptive_driver","+stability/ts_adaptive_driver.m","test_ts_adaptive_lte","VERIFIED","Factor 2^{-p} from two half steps."
"TS-A-05","8.2","Difference equation","PROJECT_DERIVED","Subtract full-step from two-half-step to isolate leading error.","RUNTIME_DERIVATION","x_h2h2 - x_h","none","none","none","see source_notation/project_notation","mixed","system base","machine into network","rotor dq frame","network into bus","leading error cancellation","Hairer, Nørsett & Wanner","Solving ODEs I","2nd ed.","II.4","164-172","--","Eq 4.x","--","x_h2h2 - x_h = (2^{-p}-1)*C*h^{p+1} + O(h^{p+2})","identical (basis of e=(x_hh-x_f)/denom)","source: x_h2h2 - x_h = (2^{-p}-1)*C*h^{p+1} + O(h^{p+2}) -> project: identical (basis of e=(x_hh-x_f)/denom)","ts_adaptive_driver","+stability/ts_adaptive_driver.m:134","test_ts_adaptive_lte","VERIFIED","Sign: 2^{-p}-1 is negative for p>0."
"TS-A-06","8.2","Fine-solution error estimator","PROJECT_DERIVED","Estimate fine-solution local error from difference.","RUNTIME_EQUATION","e_fine","none","x_h, x_h2h2","none","see source_notation/project_notation","mixed","system base","machine into network","rotor dq frame","network into bus","project-derived; proven by analytic test","Hairer, Nørsett & Wanner","Solving ODEs I","2nd ed.","II.4","164-172","--","Eq 4.x","--","e_fine = (x_h2h2 - x_h)/(2^p - 1)","identical (e=(x_halfhalf-x_full)/denom; denom=2^p-1 in ts_adaptive_driver.m:44,134)","source: e_fine = (x_h2h2 - x_h)/(2^p - 1) -> project: identical (e=(x_halfhalf-x_full)/denom; denom=2^p-1 in ts_adaptive_driver.m:44,134)","ts_adaptive_driver","+stability/ts_adaptive_driver.m:44,134","test_ts_adaptive_lte","VERIFIED","PROJECT_DERIVED: Hairer does NOT print exact /3; project derivation in adaptive_ts_track_a.md."
"TS-A-07","8.2","Trapezoidal specialization (p=2, /3)","PROJECT_DERIVED","For trapezoidal p=2, denominator 2^p-1=3.","RUNTIME_EQUATION","e_x","none","x_h, x_h2h2","none","see source_notation/project_notation","mixed","system base","machine into network","rotor dq frame","network into bus","p=2","Hairer, Nørsett & Wanner","Solving ODEs I","2nd ed.","II.4","164-172","--","Eq 4.x","--","e_x = (x_h2h2 - x_h)/3","identical (denom=2^2-1=3 in ts_adaptive_driver.m:44)","source: e_x = (x_h2h2 - x_h)/3 -> project: identical (denom=2^2-1=3 in ts_adaptive_driver.m:44)","ts_adaptive_driver","+stability/ts_adaptive_driver.m:44","test_ts_adaptive_lte","VERIFIED","PROJECT_DERIVED; proven by test_ts_adaptive_lte Test C."
"TS-A-08","8.2","Component scaling","SOURCE_TRANSFORMED","Per-component scale: absolute + relative tolerance.","RUNTIME_EQUATION","sc_i","none","x_n, x_cand","atol, rtol","see source_notation/project_notation","mixed","system base","machine into network","rotor dq frame","network into bus","absolute near zero; relative for large states","Hairer, Nørsett & Wanner","Solving ODEs I","2nd ed.","II.4","164-172","--","Eq 4.x","--","sc_i = atol_i + rtol_i*max(|x_n_i|, |x_cand_i|)","identical (sc_x=atol_x+rtol_x*max(abs(x),abs(x_halfhalf)) in ts_adaptive_driver.m:137)","source: sc_i = atol_i + rtol_i*max(|x_n_i|, |x_cand_i|) -> project: identical (sc_x=atol_x+rtol_x*max(abs(x),abs(x_halfhalf)) in ts_adaptive_driver.m:137)","ts_adaptive_driver","+stability/ts_adaptive_driver.m:137","test_ts_adaptive_lte","VERIFIED","No max(|x|,1) floor."
"TS-A-09","8.2","Normalized error norm (weighted RMS)","PROJECT_DERIVED","Weighted RMS normalized error (NOT max-norm).","RUNTIME_EQUATION","E_x","none","e, sc","none","see source_notation/project_notation","dimensionless","system base","machine into network","rotor dq frame","network into bus","weighted RMS over states","Hairer, Nørsett & Wanner","Solving ODEs I","2nd ed.","II.4","164-172","--","Eq 4.x","--","E_x = sqrt(mean((e_i/sc_i)^2))","identical (err_x=sqrt(mean((e./sc_x).^2)) in ts_adaptive_driver.m:138)","source: E_x = sqrt(mean((e_i/sc_i)^2)) -> project: identical (err_x=sqrt(mean((e./sc_x).^2)) in ts_adaptive_driver.m:138)","ts_adaptive_driver","+stability/ts_adaptive_driver.m:138","test_ts_adaptive_lte","VERIFIED","Code uses weighted RMS, NOT max-norm (differs from mission prose)."
"TS-A-10","8.2","Acceptance and rejection","PROJECT_DERIVED","Accept iff E<=1 and algebraic residual <= g_tol; else reject.","RUNTIME_EQUATION","E","none","e, sc, g","none","see source_notation/project_notation","dimensionless","system base","machine into network","rotor dq frame","network into bus","combined DAE error","Hairer, Nørsett & Wanner","Solving ODEs I","2nd ed.","II.4","164-172","--","Eq 4.x","--","E=max(E_x,E_y); accept iff E<=1 and alg_res<=g_tol","identical (err=max(err_x,err_y); if err<=1 && alg_res<=g_tol accept in ts_adaptive_driver.m:144,151)","source: E=max(E_x,E_y); accept iff E<=1 and alg_res<=g_tol -> project: identical (err=max(err_x,err_y); if err<=1 && alg_res<=g_tol accept in ts_adaptive_driver.m:144,151)","ts_adaptive_driver","+stability/ts_adaptive_driver.m:144,151","test_ts_adaptive_lte","VERIFIED","E_y uses e_y NOT divided by 3 (see TS-A-16)."
"TS-A-11","8.2","Step controller","PROJECT_DERIVED","Step-size controller with safety factor and clamps.","RUNTIME_EQUATION","h_new","none","E, h","fac, fac_min, fac_max","see source_notation/project_notation","s","system base","machine into network","rotor dq frame","network into bus","local error control; exponent 1/(p+1)=1/3","Hairer, Nørsett & Wanner","Solving ODEs I","2nd ed.","II.4","164-172","--","Eq 4.x","--","alpha=min(fac_max,max(fac_min,0.9*E^{-1/3})); h_new=min(h_max,max(h_min,h*alpha))","identical (factor=min(fac_max,max(fac_min,fac*(1/err)^(1/3))); dt=min(dt_max,max(dt_min,dt*factor)) in ts_adaptive_driver.m:198-202)","source: alpha=min(fac_max,max(fac_min,0.9*E^{-1/3})); h_new=min(h_max,max(h_min,h*alpha)) -> project: identical (factor=min(fac_max,max(fac_min,fac*(1/err)^(1/3))); dt=min(dt_max,max(dt_min,dt*factor)) in ts_adaptive_driver.m:198-202)","ts_adaptive_driver","+stability/ts_adaptive_driver.m","test_ts_adaptive_lte","VERIFIED","fac=0.9, fac_min=0.2, fac_max=5.0, exp=1/3. E=0 -> alpha=fac_max."
"TS-A-12","8.2","Rejection rollback","PROJECT_DERIVED","On reject: halve dt, retry from same (x,y); committed state unchanged.","RUNTIME_EQUATION","h_retry","none","h","none","see source_notation/project_notation","s","system base","machine into network","rotor dq frame","network into bus","no silent fixed-step fallback","Hairer, Nørsett & Wanner","Solving ODEs I","2nd ed.","II.4","164-172","--","Eq 4.x","--","h_retry = h/2; (t,x,y) committed unchanged","identical (dt=h/2; x,y unchanged in ts_adaptive_driver.m:215; reject_limit=10)","source: h_retry = h/2; (t,x,y) committed unchanged -> project: identical (dt=h/2; x,y unchanged in ts_adaptive_driver.m:215; reject_limit=10)","ts_adaptive_driver","+stability/ts_adaptive_driver.m:204-234","test_ts_adaptive_lte","VERIFIED","Fail-closed if dt hits dt_min with err>1."
"TS-A-13","8.2","Exact event landing","PROJECT_DERIVED","Shrink dt to land exactly on event; no step spans two topologies.","RUNTIME_EQUATION","h","none","t, t_event","none","see source_notation/project_notation","s","system base","machine into network","rotor dq frame","network into bus","event within dt","Hairer, Nørsett & Wanner","Solving ODEs I","2nd ed.","II.4","164-172","--","Eq 4.x","--","if event within dt: h = t_event - t","identical (ts_adaptive_driver.m:108-119; next_event loop shrinks t_target)","source: if event within dt: h = t_event - t -> project: identical (ts_adaptive_driver.m:108-119; next_event loop shrinks t_target)","ts_adaptive_driver","+stability/ts_adaptive_driver.m:108-119","test_ts_adaptive_lte","VERIFIED","No trapezoidal step crosses topology change."
"TS-A-14","8.2","Endpoint input sampling","PROJECT_DERIVED","Input sampled at step endpoints per implementation.","RUNTIME_EQUATION","u","none","t, t+h","none","see source_notation/project_notation","mixed","system base","machine into network","rotor dq frame","network into bus","inputs held constant within step","Hairer, Nørsett & Wanner","Solving ODEs I","2nd ed.","II.4","164-172","--","Eq 4.x","--","u sampled at t and t+h (no midpoint provider in current runtime)","identical (no midpoint sampling; Y_now at t, Y_right at event)","source: u sampled at t and t+h (no midpoint provider in current runtime) -> project: identical (no midpoint sampling; Y_now at t, Y_right at event)","ts_adaptive_driver","+stability/ts_adaptive_driver.m:121,164","test_ts_adaptive_lte","VERIFIED","No t+h/2 input provider currently implemented."
"TS-A-15","8.2","Accepted solution choice","PROJECT_DERIVED","Accepted solution is the fine two-half-step solution x_halfhalf.","RUNTIME_EQUATION","x_accepted","none","x_h2h2","none","see source_notation/project_notation","mixed","system base","machine into network","rotor dq frame","network into bus","fine solution higher accuracy","Hairer, Nørsett & Wanner","Solving ODEs I","2nd ed.","II.4","164-172","--","Eq 4.x","--","x_accepted = x_halfhalf (NOT x_full, NOT Richardson-extrapolated)","identical (x=x_halfhalf in ts_adaptive_driver.m:153)","source: x_accepted = x_halfhalf (NOT x_full, NOT Richardson-extrapolated) -> project: identical (x=x_halfhalf in ts_adaptive_driver.m:153)","ts_adaptive_driver","+stability/ts_adaptive_driver.m:153","test_ts_adaptive_lte","VERIFIED","x_full used only to form estimate; not the public solution."
"TS-A-16","8.2","Algebraic discrepancy (e_y not /3)","PROJECT_DERIVED","Algebraic error e_y = y_h2h2 - y_h (NOT divided by 3).","RUNTIME_EQUATION","e_y","none","y_h, y_h2h2","none","see source_notation/project_notation","mixed","system base","machine into network","rotor dq frame","network into bus","project-derived; not a sourced Richardson LTE","Hairer, Nørsett & Wanner","Solving ODEs I","2nd ed.","II.4","164-172","--","Eq 4.x","--","e_y = y_h2h2 - y_h (no /3 division)","identical (e_y=(y_halfhalf-step_full.y_full) in ts_adaptive_driver.m:141; no /3)","source: e_y = y_h2h2 - y_h (no /3 division) -> project: identical (e_y=(y_halfhalf-step_full.y_full) in ts_adaptive_driver.m:141; no /3)","ts_adaptive_driver","+stability/ts_adaptive_driver.m:141","test_ts_adaptive_lte","VERIFIED","PROJECT_DERIVED algebraic discrepancy; not sourced Richardson LTE. Mission Layer 4 requires this label."
"LFN-01","9-11","Constant-impedance load conversion","SOURCE_TRANSFORMED","Convert load S0 to shunt admittance for constant-impedance load model.","RUNTIME_EQUATION","Y_load","none","S0, V0","none","see source_notation/project_notation","pu","system base","load consumes; injection negative","phase reference","network into bus","constant-impedance load; sinusoidal steady state","Bergen & Vittal","Power Systems Analysis","2nd ed.","2.6","--","--","Eq 2.34","--","Y_load = conj(S0)/|V0|^2","identical (Yload=conj(Sload)./(abs(V0).^2+eps) in classical_dae.m:51; (P-jQ)/V0^2 in padiyar_model11_dae.m:203)","source: Y_load = conj(S0)/|V0|^2 -> project: identical (Yload=conj(Sload)./(abs(V0).^2+eps) in classical_dae.m:51; (P-jQ)/V0^2 in padiyar_model11_dae.m:203)","classical_dae / padiyar_model11_dae / network_model","+stability/classical_dae.m, +stability/padiyar_model11_dae.m","test_matpower6_case14","VERIFIED","conj(P+jQ)=P-jQ; +eps guards zero voltage. RTS-24 uses this for PSAT comparison."
"LFN-02","9-11","Fault shunt/admittance construction","PROJECT_DERIVED","Three-phase fault modeled as shunt admittance at fault bus.","RUNTIME_EQUATION","Y_fault","none","Zf","none","see source_notation/project_notation","pu","system base","fault to ground","phase reference","network into bus","solid or impedance fault; shunt at fault bus","Bergen & Vittal","Power Systems Analysis","2nd ed.","9.3","--","--","Eq 9.x","--","Y_fault = 1/Zf added to fault bus diagonal","identical (ts_topology_at adds fault admittance to Yfault)","source: Y_fault = 1/Zf added to fault bus diagonal -> project: identical (ts_topology_at adds fault admittance to Yfault)","ts_topology_at","+stability/ts_topology_at.m","test_ts_characterization_fixed","VERIFIED","Zf=j0.1 typical; solid fault Zf=0 -> Y_fault=inf (handled)."
"LFN-03","9-11","Prefault/fault/postfault Ybus","PROJECT_DERIVED","Three topology Ybus matrices: Ypre, Yfault, Ypost.","RUNTIME_EQUATION","Ypre, Yfault, Ypost","none","Ynet, Y_fault, fault_bus","none","see source_notation/project_notation","pu","system base","network into bus","phase reference","network into bus","fault applied then cleared","Bergen & Vittal","Power Systems Analysis","2nd ed.","9.3","--","--","Eq 9.x","--","Ypre=Ynet; Yfault=Ypre+Y_fault at fault bus; Ypost=Ypre (fault cleared)","identical (events struct: Ypre, Yfault, Ypost in ts_adaptive_driver.m:34-35)","source: Ypre=Ynet; Yfault=Ypre+Y_fault at fault bus; Ypost=Ypre (fault cleared) -> project: identical (events struct: Ypre, Yfault, Ypost in ts_adaptive_driver.m:34-35)","ts_topology_at","+stability/ts_topology_at.m","test_ts_characterization_fixed","VERIFIED","Ypost may differ from Ypre if line tripped (case-dependent)."
"LFN-04","9-11","Fault impedance","CASE_DEFINED","Fault impedance Zf specified by case.","CASE_INPUT","Zf","none","none","none","see source_notation/project_notation","pu","system base","fault to ground","phase reference","network into bus","three-phase to ground fault","Bergen & Vittal","Power Systems Analysis","2nd ed.","9.3","--","--","Eq 9.x","--","Zf = Rf + jXf (pu)","identical (ts_options.Zf in run_ts.m; case-specific)","source: Zf = Rf + jXf (pu) -> project: identical (ts_options.Zf in run_ts.m; case-specific)","run_ts / case_data","run_ts.m:14","test_ts_characterization_fixed","VERIFIED","Case-specific; never tuned after seeing results."
"LFN-05","9-11","Fault clearing operation","PROJECT_DERIVED","At t_clear, remove fault admittance; switch to Ypost.","RUNTIME_EQUATION","Y","none","t, t_clear","none","see source_notation/project_notation","pu","system base","network into bus","phase reference","network into bus","discrete event","Bergen & Vittal","Power Systems Analysis","2nd ed.","9.3","--","--","Eq 9.x","--","at t_clear: Y switches from Yfault to Ypost","identical (ts_topology_at returns Ypost for t>t_clear)","source: at t_clear: Y switches from Yfault to Ypost -> project: identical (ts_topology_at returns Ypost for t>t_clear)","ts_topology_at","+stability/ts_topology_at.m","test_ts_characterization_fixed","VERIFIED","Algebraic re-solve after switch (TS-F-11)."
"LFN-06","9-11","Generator current accumulation","PROJECT_DERIVED","Sum generator currents into bus injection vector.","RUNTIME_EQUATION","Iinj","none","Ig","none","see source_notation/project_notation","pu","system base","machine into network","rotor dq frame","machine into network","superposition","Bergen & Vittal","Power Systems Analysis","2nd ed.","7.3","--","--","Eq 7.16","--","Iinj(b) += Ig(k) for generator k at bus b","identical (g(2*b-1:2*b)+=[real(Ig);imag(Ig)] in synchronous_emf6_ssa.m:182; gc(b)+=Ig in padiyar_model11_dae.m:144)","source: Iinj(b) += Ig(k) for generator k at bus b -> project: identical (g(2*b-1:2*b)+=[real(Ig);imag(Ig)] in synchronous_emf6_ssa.m:182; gc(b)+=Ig in padiyar_model11_dae.m:144)","synchronous_emf6_ssa / padiyar_model11_dae","+stability/synchronous_emf6_ssa.m:179-183, +stability/padiyar_model11_dae.m:141-145","test_emf6_model","VERIFIED","Same convention across all models."
"LFN-07","9-11","Bus-voltage reconstruction","PROJECT_DERIVED","Reconstruct complex bus voltages from algebraic state y.","RUNTIME_EQUATION","V","none","y","none","see source_notation/project_notation","pu","system base","network into bus","phase reference","network into bus","y interleaved [Re(V1),Im(V1),...]","Bergen & Vittal","Power Systems Analysis","2nd ed.","2.4","--","--","Eq 2.18","--","V = complex(y(1:2:end), y(2:2:end))","identical (V=complex(y(1:2:end),y(2:2:end)) in synchronous_emf6_ssa.m:168, padiyar_model11_dae.m:139)","source: V = complex(y(1:2:end), y(2:2:end)) -> project: identical (V=complex(y(1:2:end),y(2:2:end)) in synchronous_emf6_ssa.m:168, padiyar_model11_dae.m:139)","synchronous_emf6_ssa / padiyar_model11_dae","+stability/synchronous_emf6_ssa.m, +stability/padiyar_model11_dae.m","test_emf6_model","VERIFIED","Interleaved real/imag storage convention."
"LFN-08","9-11","Constant-power load (if used)","SOURCE_TRANSFORMED","Constant-power load: current from S0 and V.","RUNTIME_EQUATION","I_load","none","S0, V","none","see source_notation/project_notation","pu","system base","load consumes","phase reference","network into bus","constant-power load model","Bergen & Vittal","Power Systems Analysis","2nd ed.","2.6","--","--","Eq 2.35","--","I_load = conj(S0/V)","identical (Iload=conj((load.P+1i*load.Q)/V) in synchronous_emf6_ssa.m:175 otherwise branch)","source: I_load = conj(S0/V) -> project: identical (Iload=conj((load.P+1i*load.Q)/V) in synchronous_emf6_ssa.m:175 otherwise branch)","synchronous_emf6_ssa / network_residual","+stability/synchronous_emf6_ssa.m:175","test_emf6_model","VERIFIED","Used only when load_model not cz; cc_p_cz_q is mixed."
"CMP-01","9-11","Generator-ID mapping","PROJECT_DERIVED","Map generator IDs between Ours and reference tools.","VALIDATION_ORACLE","gen_map","none","gen_buses","none","see source_notation/project_notation","dimensionless","system base","machine into network","rotor dq frame","machine into network","bus-based mapping","Bergen & Vittal","Power Systems Analysis","2nd ed.","7.3","--","--","Eq 7.x","--","map by generator bus [1,2,3,6,8] for case14","identical (run_three_way_validation maps generators by bus)","source: map by generator bus [1,2,3,6,8] for case14 -> project: identical (run_three_way_validation maps generators by bus)","run_three_way_validation","scripts/validation/run_three_way_validation.m","test_run_three_way_validation_structured","VERIFIED","Mapping verified before comparison; fail-closed on mismatch."
"CMP-02","9-11","Bus-ID mapping","PROJECT_DERIVED","Map bus IDs between Ours and reference tools.","VALIDATION_ORACLE","bus_map","none","bus_ids","none","see source_notation/project_notation","dimensionless","system base","network into bus","phase reference","network into bus","bus number mapping","Bergen & Vittal","Power Systems Analysis","2nd ed.","2.4","--","--","Eq 2.x","--","map by external bus IDs","identical (run_three_way_validation maps buses)","source: map by external bus IDs -> project: identical (run_three_way_validation maps buses)","run_three_way_validation","scripts/validation/run_three_way_validation.m","test_run_three_way_validation_structured","VERIFIED","Required for PF bus-by-bus comparison."
"CMP-03","9-11","Reference-angle alignment","PROJECT_DERIVED","Align angle reference between Ours and reference (slack bus).","VALIDATION_ORACLE","theta_aligned","none","theta, theta_ref","none","see source_notation/project_notation","rad","system base","network into bus","phase reference","network into bus","common slack bus","Bergen & Vittal","Power Systems Analysis","2nd ed.","2.4","--","--","Eq 2.x","--","theta_aligned = theta - theta_ref(slack)","identical (run_three_way_validation aligns to common slack)","source: theta_aligned = theta - theta_ref(slack) -> project: identical (run_three_way_validation aligns to common slack)","run_three_way_validation","scripts/validation/run_three_way_validation.m","test_run_three_way_validation_structured","VERIFIED","Required before angle comparison."
"CMP-04","9-11","COI transformation","PROJECT_DERIVED","Inertia-weighted COI angle for common-mode removal.","VALIDATION_ORACLE","delta_COI","delta","none","H","see source_notation/project_notation","rad","machine base","machine into network","rotor dq frame","machine into network","inertia-weighted average","Bergen & Vittal","Power Systems Analysis","2nd ed.","7.4","--","--","Eq 7.20","--","delta_COI = sum(H_i*delta_i)/sum(H_i)","identical (coi_relative.m implements inertia-weighted COI)","source: delta_COI = sum(H_i*delta_i)/sum(H_i) -> project: identical (coi_relative.m implements inertia-weighted COI)","coi_relative","scripts/validation/coi_relative.m","test_coi_weighting","VERIFIED","Removes common-mode motion."
"CMP-05","9-11","Incremental trajectory","PROJECT_DERIVED","Incremental angle from t=0 removes initial offset.","VALIDATION_ORACLE","tilde_delta","delta","none","none","see source_notation/project_notation","rad","machine base","machine into network","rotor dq frame","machine into network","COI frame; incremental","Bergen & Vittal","Power Systems Analysis","2nd ed.","7.4","--","--","Eq 7.21","--","tilde_delta_i(t) = [delta_i(t)-delta_COI(t)] - [delta_i(0)-delta_COI(0)]","identical (coi_relative.m computes incremental COI-relative)","source: tilde_delta_i(t) = [delta_i(t)-delta_COI(t)] - [delta_i(0)-delta_COI(0)] -> project: identical (coi_relative.m computes incremental COI-relative)","coi_relative","scripts/validation/coi_relative.m","test_coi_weighting","VERIFIED","Plotted angle is delta_i(t)-delta_i(0) (PSAT delta_Syn style)."
"CMP-06","9-11","Pairwise rotor-angle separation","PROJECT_DERIVED","Maximum angle difference between any two machines.","VALIDATION_ORACLE","delta_pairwise","delta","none","none","see source_notation/project_notation","rad","machine base","machine into network","rotor dq frame","machine into network","COI frame","Bergen & Vittal","Power Systems Analysis","2nd ed.","7.4","--","--","Eq 7.22","--","delta_pairwise = max_{i,j} |tilde_delta_i - tilde_delta_j|","identical (coi_relative.m / compare helpers compute pairwise)","source: delta_pairwise = max_{i,j} |tilde_delta_i - tilde_delta_j| -> project: identical (coi_relative.m / compare helpers compute pairwise)","coi_relative","scripts/validation/coi_relative.m","test_coi_weighting","VERIFIED","Stability indicator: large pairwise separation = instability risk."
"CMP-07","9-11","No-extrapolation interpolation","PROJECT_DERIVED","Interpolate onto common grid without extrapolating outside interval.","VALIDATION_ORACLE","y_common","none","t_ours, t_ref, y_ref","none","see source_notation/project_notation","mixed","system base","network into bus","phase reference","network into bus","common time interval only","Hairer, Nørsett & Wanner","Solving ODEs I","2nd ed.","II.1","--","--","Eq 1.x","--","y_common = interp1(t_ref, y_ref, t_ours, 'linear') within [min,max]","identical (interp_no_extrapolate.m enforces no extrapolation)","source: y_common = interp1(t_ref, y_ref, t_ours, 'linear') within [min,max] -> project: identical (interp_no_extrapolate.m enforces no extrapolation)","interp_no_extrapolate","scripts/validation/interp_no_extrapolate.m","test_interpolation_no_extrapolation","VERIFIED","Never extrapolate outside common interval."
"CMP-08","9-11","Maximum absolute error and RMSE","PROJECT_DERIVED","Error metrics: max abs and RMS.","VALIDATION_ORACLE","max_err, rmse","none","y_ours, y_ref","none","see source_notation/project_notation","mixed","system base","network into bus","phase reference","network into bus","common grid","Bergen & Vittal","Power Systems Analysis","2nd ed.","12.6","--","--","Eq 12.x","--","max_err=max(|y_ours-y_ref|); rmse=sqrt(mean((y_ours-y_ref).^2))","identical (run_three_way_validation computes max and RMS)","source: max_err=max(|y_ours-y_ref|); rmse=sqrt(mean((y_ours-y_ref).^2)) -> project: identical (run_three_way_validation computes max and RMS)","run_three_way_validation","scripts/validation/run_three_way_validation.m","test_run_three_way_validation_structured","VERIFIED","NRMSE only where denominator physically meaningful."
"CMP-09","9-11","Eigenvalue pairing metric","PROJECT_DERIVED","Deterministic greedy eigenvalue pairing (no manual pairing).","VALIDATION_ORACLE","match, err","none","lambda_ours, lambda_ref","none","see source_notation/project_notation","1/s","system base","machine into network","rotor dq frame","machine into network","greedy nearest assignment","Bergen & Vittal","Power Systems Analysis","2nd ed.","12.6","--","--","Eq 12.x","--","greedy: for each ref eigenvalue, nearest unused ours","identical (greedy() in generate_padiyar_two_area_report.m:274-277)","source: greedy: for each ref eigenvalue, nearest unused ours -> project: identical (greedy() in generate_padiyar_two_area_report.m:274-277)","generate_padiyar_two_area_report / greedy","scripts/reporting/generate_padiyar_two_area_report.m:274","test_padiyar_two_area_reference","VERIFIED","Deterministic; no manual pairing after viewing plot."
